[
{
  "model": "home.homecarousel",
  "pk": 1,
  "fields": {
    "sort_order": 0,
    "product": 3,
    "carousel_image": 2,
    "hero_text": "Reduction Stoneware",
    "hero_cta": "View Gallery",
    "hero_cta_link": null
  }
},
{
  "model": "home.homecarousel",
  "pk": 2,
  "fields": {
    "sort_order": 1,
    "product": 3,
    "carousel_image": 3,
    "hero_text": "Wood-Fired Stoneware",
    "hero_cta": "Shop Now",
    "hero_cta_link": null
  }
},
{
  "model": "home.potterycategory",
  "pk": 1,
  "fields": {
    "latest_revision": 18,
    "live": true,
    "has_unpublished_changes": false,
    "first_published_at": "2024-06-23T20:53:08.412Z",
    "last_published_at": "2024-06-23T20:53:08.412Z",
    "live_revision": 18,
    "go_live_at": null,
    "expire_at": null,
    "expired": false,
    "name": "Vases",
    "image": 10
  }
},
{
  "model": "home.potterycategory",
  "pk": 2,
  "fields": {
    "latest_revision": 19,
    "live": true,
    "has_unpublished_changes": false,
    "first_published_at": "2024-06-23T20:53:22.750Z",
    "last_published_at": "2024-06-23T20:53:22.750Z",
    "live_revision": 19,
    "go_live_at": null,
    "expire_at": null,
    "expired": false,
    "name": "Jars",
    "image": 9
  }
},
{
  "model": "home.potterycategory",
  "pk": 3,
  "fields": {
    "latest_revision": 20,
    "live": true,
    "has_unpublished_changes": false,
    "first_published_at": "2024-06-23T20:53:36.185Z",
    "last_published_at": "2024-06-23T20:53:36.185Z",
    "live_revision": 20,
    "go_live_at": null,
    "expire_at": null,
    "expired": false,
    "name": "Cups",
    "image": 5
  }
},
{
  "model": "home.potterycategory",
  "pk": 4,
  "fields": {
    "latest_revision": 21,
    "live": true,
    "has_unpublished_changes": false,
    "first_published_at": "2024-06-23T20:53:57.566Z",
    "last_published_at": "2024-06-23T20:53:57.566Z",
    "live_revision": 21,
    "go_live_at": null,
    "expire_at": null,
    "expired": false,
    "name": "Bowls",
    "image": 12
  }
},
{
  "model": "wagtailsearch.sqliteftsindexentry",
  "pk": 1,
  "fields": {
    "autocomplete": "IRB1",
    "title": "IRB1",
    "body": ""
  }
},
{
  "model": "wagtailsearch.sqliteftsindexentry",
  "pk": 2,
  "fields": {
    "autocomplete": "Black_Bottle_1600x678",
    "title": "Black_Bottle_1600x678",
    "body": ""
  }
},
{
  "model": "wagtailsearch.sqliteftsindexentry",
  "pk": 3,
  "fields": {
    "autocomplete": "Ash_wide_1600x678",
    "title": "Ash_wide_1600x678",
    "body": ""
  }
},
{
  "model": "wagtailsearch.sqliteftsindexentry",
  "pk": 4,
  "fields": {
    "autocomplete": "Bottle_rect",
    "title": "Bottle_rect",
    "body": ""
  }
},
{
  "model": "wagtailsearch.sqliteftsindexentry",
  "pk": 5,
  "fields": {
    "autocomplete": "Shino_cup1",
    "title": "Shino_cup1",
    "body": ""
  }
},
{
  "model": "wagtailsearch.sqliteftsindexentry",
  "pk": 6,
  "fields": {
    "autocomplete": "CRB1",
    "title": "CRB1",
    "body": ""
  }
},
{
  "model": "wagtailsearch.sqliteftsindexentry",
  "pk": 7,
  "fields": {
    "autocomplete": "IRC1",
    "title": "IRC1",
    "body": ""
  }
},
{
  "model": "wagtailsearch.sqliteftsindexentry",
  "pk": 8,
  "fields": {
    "autocomplete": "Sculpture_Clay_Bottle",
    "title": "Sculpture_Clay_Bottle",
    "body": ""
  }
},
{
  "model": "wagtailsearch.sqliteftsindexentry",
  "pk": 9,
  "fields": {
    "autocomplete": "IOJ1",
    "title": "IOJ1",
    "body": ""
  }
},
{
  "model": "wagtailsearch.sqliteftsindexentry",
  "pk": 10,
  "fields": {
    "autocomplete": "Root",
    "title": "Root",
    "body": ""
  }
},
{
  "model": "wagtailsearch.sqliteftsindexentry",
  "pk": 11,
  "fields": {
    "autocomplete": "",
    "title": "",
    "body": ""
  }
},
{
  "model": "wagtailsearch.sqliteftsindexentry",
  "pk": 12,
  "fields": {
    "autocomplete": "Gallery",
    "title": "Gallery",
    "body": "<a href=\"/iron-red-bottle/\"><h4 class=\"caption\">Iron Red Bottle</h4></a>, , <h4 class=\"caption\">Djini bottle - NFS<h4>, , <a href=\"/iron-red-bottle/\"><h4 class=\"caption\">White Dr Seuss Bottle</h4></a>, , <a href=\"/iron-oxide-jar/\"><h4 class=\"caption\">Iron Oxide and Celadon Incised Jar</h4></a>, , <a href=\"/copper-red-bottle/\"><h4 class=\"caption\">Copper Red Bottle</h4></a>, , <a href=\"/shino-hourglass-cup/\"><h4 class=\"caption\">Shino Hourglass Cup</h4></a>, , <a href=\"/shino-hourglass-cup/\"><h4 class=\"caption\">Shino gas can teapot</h4></a>, , <h4 class=\"caption\">Wood Fire Vase - NFS<h4>, , <h4 class=\"caption\">Raku Jar - Sold<h4>, , <a href=\"/iron-red-cup/\"><h4 class=\"caption\">Iron Red Cup</h4></a>, "
  }
},
{
  "model": "wagtailsearch.sqliteftsindexentry",
  "pk": 13,
  "fields": {
    "autocomplete": "",
    "title": "",
    "body": ""
  }
},
{
  "model": "wagtailsearch.sqliteftsindexentry",
  "pk": 14,
  "fields": {
    "autocomplete": "IMG_3511 _EvenCrop Ash Glaze Vase",
    "title": "IMG_3511 _EvenCrop",
    "body": "Ash Glaze Vase"
  }
},
{
  "model": "wagtailsearch.sqliteftsindexentry",
  "pk": 15,
  "fields": {
    "autocomplete": "IMG_3313",
    "title": "IMG_3313",
    "body": ""
  }
},
{
  "model": "wagtailsearch.sqliteftsindexentry",
  "pk": 16,
  "fields": {
    "autocomplete": "",
    "title": "",
    "body": ""
  }
},
{
  "model": "wagtailsearch.sqliteftsindexentry",
  "pk": 17,
  "fields": {
    "autocomplete": "il_1588xN.745612109_hyo9",
    "title": "il_1588xN.745612109_hyo9",
    "body": ""
  }
},
{
  "model": "wagtailsearch.sqliteftsindexentry",
  "pk": 18,
  "fields": {
    "autocomplete": "",
    "title": "",
    "body": ""
  }
},
{
  "model": "wagtailsearch.sqliteftsindexentry",
  "pk": 19,
  "fields": {
    "autocomplete": "",
    "title": "",
    "body": ""
  }
},
{
  "model": "wagtailsearch.sqliteftsindexentry",
  "pk": 20,
  "fields": {
    "autocomplete": "IMG_3399 Teapot",
    "title": "IMG_3399",
    "body": "Teapot"
  }
},
{
  "model": "wagtailsearch.sqliteftsindexentry",
  "pk": 21,
  "fields": {
    "autocomplete": "P1010047",
    "title": "P1010047",
    "body": ""
  }
},
{
  "model": "wagtailsearch.sqliteftsindexentry",
  "pk": 23,
  "fields": {
    "autocomplete": "Iron Red Cup",
    "title": "Iron Red Cup",
    "body": ""
  }
},
{
  "model": "wagtailsearch.indexentry",
  "pk": 1,
  "fields": {
    "content_type": [
      "wagtailimages",
      "image"
    ],
    "object_id": "1",
    "title_norm": 3.125,
    "autocomplete": "IRB1",
    "title": "IRB1",
    "body": ""
  }
},
{
  "model": "wagtailsearch.indexentry",
  "pk": 2,
  "fields": {
    "content_type": [
      "wagtailimages",
      "image"
    ],
    "object_id": "2",
    "title_norm": 0.5952380952380952,
    "autocomplete": "Black_Bottle_1600x678",
    "title": "Black_Bottle_1600x678",
    "body": ""
  }
},
{
  "model": "wagtailsearch.indexentry",
  "pk": 3,
  "fields": {
    "content_type": [
      "wagtailimages",
      "image"
    ],
    "object_id": "3",
    "title_norm": 0.8235294117647058,
    "autocomplete": "Ash_wide_1600x678",
    "title": "Ash_wide_1600x678",
    "body": ""
  }
},
{
  "model": "wagtailsearch.indexentry",
  "pk": 4,
  "fields": {
    "content_type": [
      "wagtailimages",
      "image"
    ],
    "object_id": "4",
    "title_norm": 1.2045454545454546,
    "autocomplete": "Bottle_rect",
    "title": "Bottle_rect",
    "body": ""
  }
},
{
  "model": "wagtailsearch.indexentry",
  "pk": 5,
  "fields": {
    "content_type": [
      "wagtailimages",
      "image"
    ],
    "object_id": "5",
    "title_norm": 1.26,
    "autocomplete": "Shino_cup1",
    "title": "Shino_cup1",
    "body": ""
  }
},
{
  "model": "wagtailsearch.indexentry",
  "pk": 6,
  "fields": {
    "content_type": [
      "wagtailimages",
      "image"
    ],
    "object_id": "6",
    "title_norm": 2.7916666666666665,
    "autocomplete": "CRB1",
    "title": "CRB1",
    "body": ""
  }
},
{
  "model": "wagtailsearch.indexentry",
  "pk": 7,
  "fields": {
    "content_type": [
      "wagtailimages",
      "image"
    ],
    "object_id": "7",
    "title_norm": 2.5357142857142856,
    "autocomplete": "IRC1",
    "title": "IRC1",
    "body": ""
  }
},
{
  "model": "wagtailsearch.indexentry",
  "pk": 8,
  "fields": {
    "content_type": [
      "wagtailimages",
      "image"
    ],
    "object_id": "8",
    "title_norm": 0.5476190476190477,
    "autocomplete": "Sculpture_Clay_Bottle",
    "title": "Sculpture_Clay_Bottle",
    "body": ""
  }
},
{
  "model": "wagtailsearch.indexentry",
  "pk": 9,
  "fields": {
    "content_type": [
      "wagtailimages",
      "image"
    ],
    "object_id": "9",
    "title_norm": 2.6666666666666665,
    "autocomplete": "IOJ1",
    "title": "IOJ1",
    "body": ""
  }
},
{
  "model": "wagtailsearch.indexentry",
  "pk": 10,
  "fields": {
    "content_type": [
      "wagtailcore",
      "page"
    ],
    "object_id": "1",
    "title_norm": 2.5,
    "autocomplete": "Root",
    "title": "Root",
    "body": ""
  }
},
{
  "model": "wagtailsearch.indexentry",
  "pk": 11,
  "fields": {
    "content_type": [
      "home",
      "homepage"
    ],
    "object_id": "3",
    "title_norm": 2.3636363636363638,
    "autocomplete": "",
    "title": "",
    "body": ""
  }
},
{
  "model": "wagtailsearch.indexentry",
  "pk": 12,
  "fields": {
    "content_type": [
      "home",
      "gallerypage"
    ],
    "object_id": "5",
    "title_norm": 1.3896103896103895,
    "autocomplete": "Gallery",
    "title": "Gallery",
    "body": "<a href=\"/iron-red-bottle/\"><h4 class=\"caption\">Iron Red Bottle</h4></a>, , <h4 class=\"caption\">Djini bottle - NFS<h4>, , <a href=\"/iron-red-bottle/\"><h4 class=\"caption\">White Dr Seuss Bottle</h4></a>, , <a href=\"/iron-oxide-jar/\"><h4 class=\"caption\">Iron Oxide and Celadon Incised Jar</h4></a>, , <a href=\"/copper-red-bottle/\"><h4 class=\"caption\">Copper Red Bottle</h4></a>, , <a href=\"/shino-hourglass-cup/\"><h4 class=\"caption\">Shino Hourglass Cup</h4></a>, , <a href=\"/shino-hourglass-cup/\"><h4 class=\"caption\">Shino gas can teapot</h4></a>, , <h4 class=\"caption\">Wood Fire Vase - NFS<h4>, , <h4 class=\"caption\">Raku Jar - Sold<h4>, , <a href=\"/iron-red-cup/\"><h4 class=\"caption\">Iron Red Cup</h4></a>, "
  }
},
{
  "model": "wagtailsearch.indexentry",
  "pk": 13,
  "fields": {
    "content_type": [
      "home",
      "product"
    ],
    "object_id": "4",
    "title_norm": 0.7960784313725491,
    "autocomplete": "",
    "title": "",
    "body": ""
  }
},
{
  "model": "wagtailsearch.indexentry",
  "pk": 14,
  "fields": {
    "content_type": [
      "wagtailimages",
      "image"
    ],
    "object_id": "10",
    "title_norm": 0.5787037037037037,
    "autocomplete": "IMG_3511 _EvenCrop Ash Glaze Vase",
    "title": "IMG_3511 _EvenCrop",
    "body": "Ash Glaze Vase"
  }
},
{
  "model": "wagtailsearch.indexentry",
  "pk": 15,
  "fields": {
    "content_type": [
      "wagtailimages",
      "image"
    ],
    "object_id": "11",
    "title_norm": 1.2788461538461537,
    "autocomplete": "IMG_3313",
    "title": "IMG_3313",
    "body": ""
  }
},
{
  "model": "wagtailsearch.indexentry",
  "pk": 16,
  "fields": {
    "content_type": [
      "home",
      "product"
    ],
    "object_id": "6",
    "title_norm": 0.75,
    "autocomplete": "",
    "title": "",
    "body": ""
  }
},
{
  "model": "wagtailsearch.indexentry",
  "pk": 17,
  "fields": {
    "content_type": [
      "wagtailimages",
      "image"
    ],
    "object_id": "12",
    "title_norm": 0.47500000000000003,
    "autocomplete": "il_1588xN.745612109_hyo9",
    "title": "il_1588xN.745612109_hyo9",
    "body": ""
  }
},
{
  "model": "wagtailsearch.indexentry",
  "pk": 18,
  "fields": {
    "content_type": [
      "home",
      "product"
    ],
    "object_id": "7",
    "title_norm": 0.6911764705882353,
    "autocomplete": "",
    "title": "",
    "body": ""
  }
},
{
  "model": "wagtailsearch.indexentry",
  "pk": 19,
  "fields": {
    "content_type": [
      "home",
      "product"
    ],
    "object_id": "8",
    "title_norm": 0.6353383458646616,
    "autocomplete": "",
    "title": "",
    "body": ""
  }
},
{
  "model": "wagtailsearch.indexentry",
  "pk": 20,
  "fields": {
    "content_type": [
      "wagtailimages",
      "image"
    ],
    "object_id": "13",
    "title_norm": 1.4107142857142858,
    "autocomplete": "IMG_3399 Teapot",
    "title": "IMG_3399",
    "body": "Teapot"
  }
},
{
  "model": "wagtailsearch.indexentry",
  "pk": 21,
  "fields": {
    "content_type": [
      "wagtailimages",
      "image"
    ],
    "object_id": "14",
    "title_norm": 1.3515625,
    "autocomplete": "P1010047",
    "title": "P1010047",
    "body": ""
  }
},
{
  "model": "wagtailsearch.indexentry",
  "pk": 23,
  "fields": {
    "content_type": [
      "home",
      "product"
    ],
    "object_id": "9",
    "title_norm": 0.9068627450980392,
    "autocomplete": "Iron Red Cup",
    "title": "Iron Red Cup",
    "body": ""
  }
},
{
  "model": "wagtailcore.locale",
  "pk": 1,
  "fields": {
    "language_code": "en"
  }
},
{
  "model": "wagtailcore.site",
  "pk": 2,
  "fields": {
    "hostname": "localhost",
    "port": 80,
    "site_name": "",
    "root_page": 3,
    "is_default_site": true
  }
},
{
  "model": "wagtailcore.collection",
  "pk": 1,
  "fields": {
    "path": "0001",
    "depth": 1,
    "numchild": 1,
    "name": "Root"
  }
},
{
  "model": "wagtailcore.collection",
  "pk": 2,
  "fields": {
    "path": "00010001",
    "depth": 2,
    "numchild": 0,
    "name": "gallery"
  }
},
{
  "model": "wagtailcore.referenceindex",
  "pk": 2,
  "fields": {
    "content_type": [
      "home",
      "product"
    ],
    "base_content_type": [
      "wagtailcore",
      "page"
    ],
    "object_id": "4",
    "to_content_type": [
      "wagtailimages",
      "image"
    ],
    "to_object_id": "1",
    "model_path": "image",
    "content_path": "image",
    "content_path_hash": "3cb1a537-a728-548b-b207-8423b6010580"
  }
},
{
  "model": "wagtailcore.referenceindex",
  "pk": 3,
  "fields": {
    "content_type": [
      "wagtailimages",
      "image"
    ],
    "base_content_type": [
      "wagtailimages",
      "image"
    ],
    "object_id": "2",
    "to_content_type": [
      "wagtailcore",
      "collection"
    ],
    "to_object_id": "1",
    "model_path": "collection",
    "content_path": "collection",
    "content_path_hash": "b40b1263-e929-57f2-a7f8-9dbce56b887b"
  }
},
{
  "model": "wagtailcore.referenceindex",
  "pk": 4,
  "fields": {
    "content_type": [
      "wagtailimages",
      "image"
    ],
    "base_content_type": [
      "wagtailimages",
      "image"
    ],
    "object_id": "3",
    "to_content_type": [
      "wagtailcore",
      "collection"
    ],
    "to_object_id": "1",
    "model_path": "collection",
    "content_path": "collection",
    "content_path_hash": "b40b1263-e929-57f2-a7f8-9dbce56b887b"
  }
},
{
  "model": "wagtailcore.referenceindex",
  "pk": 7,
  "fields": {
    "content_type": [
      "home",
      "homepage"
    ],
    "base_content_type": [
      "wagtailcore",
      "page"
    ],
    "object_id": "3",
    "to_content_type": [
      "wagtailimages",
      "image"
    ],
    "to_object_id": "2",
    "model_path": "carousel_images.item.carousel_image",
    "content_path": "carousel_images.1.carousel_image",
    "content_path_hash": "1547baa7-f2c3-5285-8b8f-a86989fa0d7b"
  }
},
{
  "model": "wagtailcore.referenceindex",
  "pk": 8,
  "fields": {
    "content_type": [
      "home",
      "homepage"
    ],
    "base_content_type": [
      "wagtailcore",
      "page"
    ],
    "object_id": "3",
    "to_content_type": [
      "wagtailimages",
      "image"
    ],
    "to_object_id": "3",
    "model_path": "carousel_images.item.carousel_image",
    "content_path": "carousel_images.2.carousel_image",
    "content_path_hash": "cab6e1b0-dcce-5882-8d76-93c51af04d67"
  }
},
{
  "model": "wagtailcore.referenceindex",
  "pk": 9,
  "fields": {
    "content_type": [
      "wagtailimages",
      "image"
    ],
    "base_content_type": [
      "wagtailimages",
      "image"
    ],
    "object_id": "1",
    "to_content_type": [
      "wagtailcore",
      "collection"
    ],
    "to_object_id": "2",
    "model_path": "collection",
    "content_path": "collection",
    "content_path_hash": "b40b1263-e929-57f2-a7f8-9dbce56b887b"
  }
},
{
  "model": "wagtailcore.referenceindex",
  "pk": 11,
  "fields": {
    "content_type": [
      "wagtailimages",
      "image"
    ],
    "base_content_type": [
      "wagtailimages",
      "image"
    ],
    "object_id": "4",
    "to_content_type": [
      "wagtailcore",
      "collection"
    ],
    "to_object_id": "2",
    "model_path": "collection",
    "content_path": "collection",
    "content_path_hash": "b40b1263-e929-57f2-a7f8-9dbce56b887b"
  }
},
{
  "model": "wagtailcore.referenceindex",
  "pk": 12,
  "fields": {
    "content_type": [
      "wagtailimages",
      "image"
    ],
    "base_content_type": [
      "wagtailimages",
      "image"
    ],
    "object_id": "5",
    "to_content_type": [
      "wagtailcore",
      "collection"
    ],
    "to_object_id": "2",
    "model_path": "collection",
    "content_path": "collection",
    "content_path_hash": "b40b1263-e929-57f2-a7f8-9dbce56b887b"
  }
},
{
  "model": "wagtailcore.referenceindex",
  "pk": 13,
  "fields": {
    "content_type": [
      "wagtailimages",
      "image"
    ],
    "base_content_type": [
      "wagtailimages",
      "image"
    ],
    "object_id": "6",
    "to_content_type": [
      "wagtailcore",
      "collection"
    ],
    "to_object_id": "2",
    "model_path": "collection",
    "content_path": "collection",
    "content_path_hash": "b40b1263-e929-57f2-a7f8-9dbce56b887b"
  }
},
{
  "model": "wagtailcore.referenceindex",
  "pk": 14,
  "fields": {
    "content_type": [
      "wagtailimages",
      "image"
    ],
    "base_content_type": [
      "wagtailimages",
      "image"
    ],
    "object_id": "7",
    "to_content_type": [
      "wagtailcore",
      "collection"
    ],
    "to_object_id": "2",
    "model_path": "collection",
    "content_path": "collection",
    "content_path_hash": "b40b1263-e929-57f2-a7f8-9dbce56b887b"
  }
},
{
  "model": "wagtailcore.referenceindex",
  "pk": 15,
  "fields": {
    "content_type": [
      "wagtailimages",
      "image"
    ],
    "base_content_type": [
      "wagtailimages",
      "image"
    ],
    "object_id": "8",
    "to_content_type": [
      "wagtailcore",
      "collection"
    ],
    "to_object_id": "2",
    "model_path": "collection",
    "content_path": "collection",
    "content_path_hash": "b40b1263-e929-57f2-a7f8-9dbce56b887b"
  }
},
{
  "model": "wagtailcore.referenceindex",
  "pk": 16,
  "fields": {
    "content_type": [
      "wagtailimages",
      "image"
    ],
    "base_content_type": [
      "wagtailimages",
      "image"
    ],
    "object_id": "9",
    "to_content_type": [
      "wagtailcore",
      "collection"
    ],
    "to_object_id": "2",
    "model_path": "collection",
    "content_path": "collection",
    "content_path_hash": "b40b1263-e929-57f2-a7f8-9dbce56b887b"
  }
},
{
  "model": "wagtailcore.referenceindex",
  "pk": 17,
  "fields": {
    "content_type": [
      "home",
      "gallerypage"
    ],
    "base_content_type": [
      "wagtailcore",
      "page"
    ],
    "object_id": "5",
    "to_content_type": [
      "wagtailimages",
      "image"
    ],
    "to_object_id": "4",
    "model_path": "body.image_block.image",
    "content_path": "body.f7706d89-4554-437e-8114-9298261af2c4.image",
    "content_path_hash": "0313e819-72ed-51ea-8c65-f74264aaecfe"
  }
},
{
  "model": "wagtailcore.referenceindex",
  "pk": 18,
  "fields": {
    "content_type": [
      "wagtailimages",
      "image"
    ],
    "base_content_type": [
      "wagtailimages",
      "image"
    ],
    "object_id": "10",
    "to_content_type": [
      "wagtailcore",
      "collection"
    ],
    "to_object_id": "2",
    "model_path": "collection",
    "content_path": "collection",
    "content_path_hash": "b40b1263-e929-57f2-a7f8-9dbce56b887b"
  }
},
{
  "model": "wagtailcore.referenceindex",
  "pk": 20,
  "fields": {
    "content_type": [
      "home",
      "gallerypage"
    ],
    "base_content_type": [
      "wagtailcore",
      "page"
    ],
    "object_id": "5",
    "to_content_type": [
      "wagtailimages",
      "image"
    ],
    "to_object_id": "1",
    "model_path": "body.image_block.image",
    "content_path": "body.815be7f5-b4fa-4742-a268-f98f264f17c4.image",
    "content_path_hash": "868bfc80-9198-537f-bfcc-a82592077ecf"
  }
},
{
  "model": "wagtailcore.referenceindex",
  "pk": 21,
  "fields": {
    "content_type": [
      "wagtailimages",
      "image"
    ],
    "base_content_type": [
      "wagtailimages",
      "image"
    ],
    "object_id": "11",
    "to_content_type": [
      "wagtailcore",
      "collection"
    ],
    "to_object_id": "2",
    "model_path": "collection",
    "content_path": "collection",
    "content_path_hash": "b40b1263-e929-57f2-a7f8-9dbce56b887b"
  }
},
{
  "model": "wagtailcore.referenceindex",
  "pk": 22,
  "fields": {
    "content_type": [
      "home",
      "gallerypage"
    ],
    "base_content_type": [
      "wagtailcore",
      "page"
    ],
    "object_id": "5",
    "to_content_type": [
      "wagtailimages",
      "image"
    ],
    "to_object_id": "11",
    "model_path": "body.image_block.image",
    "content_path": "body.ffb383b1-44ef-4b1f-b72b-805e68b84bc4.image",
    "content_path_hash": "84dccb5f-fcd5-513b-89ec-c0b575871d3d"
  }
},
{
  "model": "wagtailcore.referenceindex",
  "pk": 23,
  "fields": {
    "content_type": [
      "home",
      "gallerypage"
    ],
    "base_content_type": [
      "wagtailcore",
      "page"
    ],
    "object_id": "5",
    "to_content_type": [
      "wagtailimages",
      "image"
    ],
    "to_object_id": "9",
    "model_path": "body.image_block.image",
    "content_path": "body.12a9c0e4-b469-4ac9-9989-545b17a3d615.image",
    "content_path_hash": "ce111282-8e8d-56d2-ad3b-43545ff48880"
  }
},
{
  "model": "wagtailcore.referenceindex",
  "pk": 24,
  "fields": {
    "content_type": [
      "home",
      "gallerypage"
    ],
    "base_content_type": [
      "wagtailcore",
      "page"
    ],
    "object_id": "5",
    "to_content_type": [
      "wagtailimages",
      "image"
    ],
    "to_object_id": "6",
    "model_path": "body.image_block.image",
    "content_path": "body.cd2d5c35-7fc1-45e2-9fcf-4bda6cff3bf0.image",
    "content_path_hash": "8740e0cd-3d41-5115-91e5-24f494fdf0b1"
  }
},
{
  "model": "wagtailcore.referenceindex",
  "pk": 25,
  "fields": {
    "content_type": [
      "home",
      "product"
    ],
    "base_content_type": [
      "wagtailcore",
      "page"
    ],
    "object_id": "6",
    "to_content_type": [
      "wagtailimages",
      "image"
    ],
    "to_object_id": "9",
    "model_path": "image",
    "content_path": "image",
    "content_path_hash": "3cb1a537-a728-548b-b207-8423b6010580"
  }
},
{
  "model": "wagtailcore.referenceindex",
  "pk": 26,
  "fields": {
    "content_type": [
      "home",
      "potterycategory"
    ],
    "base_content_type": [
      "home",
      "potterycategory"
    ],
    "object_id": "1",
    "to_content_type": [
      "wagtailimages",
      "image"
    ],
    "to_object_id": "10",
    "model_path": "image",
    "content_path": "image",
    "content_path_hash": "3cb1a537-a728-548b-b207-8423b6010580"
  }
},
{
  "model": "wagtailcore.referenceindex",
  "pk": 27,
  "fields": {
    "content_type": [
      "home",
      "potterycategory"
    ],
    "base_content_type": [
      "home",
      "potterycategory"
    ],
    "object_id": "2",
    "to_content_type": [
      "wagtailimages",
      "image"
    ],
    "to_object_id": "9",
    "model_path": "image",
    "content_path": "image",
    "content_path_hash": "3cb1a537-a728-548b-b207-8423b6010580"
  }
},
{
  "model": "wagtailcore.referenceindex",
  "pk": 28,
  "fields": {
    "content_type": [
      "home",
      "potterycategory"
    ],
    "base_content_type": [
      "home",
      "potterycategory"
    ],
    "object_id": "3",
    "to_content_type": [
      "wagtailimages",
      "image"
    ],
    "to_object_id": "5",
    "model_path": "image",
    "content_path": "image",
    "content_path_hash": "3cb1a537-a728-548b-b207-8423b6010580"
  }
},
{
  "model": "wagtailcore.referenceindex",
  "pk": 29,
  "fields": {
    "content_type": [
      "wagtailimages",
      "image"
    ],
    "base_content_type": [
      "wagtailimages",
      "image"
    ],
    "object_id": "12",
    "to_content_type": [
      "wagtailcore",
      "collection"
    ],
    "to_object_id": "1",
    "model_path": "collection",
    "content_path": "collection",
    "content_path_hash": "b40b1263-e929-57f2-a7f8-9dbce56b887b"
  }
},
{
  "model": "wagtailcore.referenceindex",
  "pk": 30,
  "fields": {
    "content_type": [
      "home",
      "potterycategory"
    ],
    "base_content_type": [
      "home",
      "potterycategory"
    ],
    "object_id": "4",
    "to_content_type": [
      "wagtailimages",
      "image"
    ],
    "to_object_id": "12",
    "model_path": "image",
    "content_path": "image",
    "content_path_hash": "3cb1a537-a728-548b-b207-8423b6010580"
  }
},
{
  "model": "wagtailcore.referenceindex",
  "pk": 31,
  "fields": {
    "content_type": [
      "home",
      "product"
    ],
    "base_content_type": [
      "wagtailcore",
      "page"
    ],
    "object_id": "7",
    "to_content_type": [
      "wagtailimages",
      "image"
    ],
    "to_object_id": "6",
    "model_path": "image",
    "content_path": "image",
    "content_path_hash": "3cb1a537-a728-548b-b207-8423b6010580"
  }
},
{
  "model": "wagtailcore.referenceindex",
  "pk": 32,
  "fields": {
    "content_type": [
      "home",
      "product"
    ],
    "base_content_type": [
      "wagtailcore",
      "page"
    ],
    "object_id": "8",
    "to_content_type": [
      "wagtailimages",
      "image"
    ],
    "to_object_id": "5",
    "model_path": "image",
    "content_path": "image",
    "content_path_hash": "3cb1a537-a728-548b-b207-8423b6010580"
  }
},
{
  "model": "wagtailcore.referenceindex",
  "pk": 33,
  "fields": {
    "content_type": [
      "home",
      "gallerypage"
    ],
    "base_content_type": [
      "wagtailcore",
      "page"
    ],
    "object_id": "5",
    "to_content_type": [
      "wagtailimages",
      "image"
    ],
    "to_object_id": "5",
    "model_path": "body.image_block.image",
    "content_path": "body.253407c6-28a0-4c86-8b48-a195ba4e7942.image",
    "content_path_hash": "830b91cb-9f3c-5363-8df6-8139873df558"
  }
},
{
  "model": "wagtailcore.referenceindex",
  "pk": 34,
  "fields": {
    "content_type": [
      "wagtailimages",
      "image"
    ],
    "base_content_type": [
      "wagtailimages",
      "image"
    ],
    "object_id": "13",
    "to_content_type": [
      "wagtailcore",
      "collection"
    ],
    "to_object_id": "2",
    "model_path": "collection",
    "content_path": "collection",
    "content_path_hash": "b40b1263-e929-57f2-a7f8-9dbce56b887b"
  }
},
{
  "model": "wagtailcore.referenceindex",
  "pk": 35,
  "fields": {
    "content_type": [
      "home",
      "gallerypage"
    ],
    "base_content_type": [
      "wagtailcore",
      "page"
    ],
    "object_id": "5",
    "to_content_type": [
      "wagtailimages",
      "image"
    ],
    "to_object_id": "13",
    "model_path": "body.image_block.image",
    "content_path": "body.2a120322-10ba-4778-b1f7-078e57477c1f.image",
    "content_path_hash": "d21bf5ff-aec3-52cf-974a-0bf98a800593"
  }
},
{
  "model": "wagtailcore.referenceindex",
  "pk": 36,
  "fields": {
    "content_type": [
      "home",
      "gallerypage"
    ],
    "base_content_type": [
      "wagtailcore",
      "page"
    ],
    "object_id": "5",
    "to_content_type": [
      "wagtailimages",
      "image"
    ],
    "to_object_id": "10",
    "model_path": "body.image_block.image",
    "content_path": "body.167f584e-2250-4e38-afd6-16a7f16831fa.image",
    "content_path_hash": "30671bde-799e-52e0-81c4-8ed311650c98"
  }
},
{
  "model": "wagtailcore.referenceindex",
  "pk": 37,
  "fields": {
    "content_type": [
      "wagtailimages",
      "image"
    ],
    "base_content_type": [
      "wagtailimages",
      "image"
    ],
    "object_id": "14",
    "to_content_type": [
      "wagtailcore",
      "collection"
    ],
    "to_object_id": "2",
    "model_path": "collection",
    "content_path": "collection",
    "content_path_hash": "b40b1263-e929-57f2-a7f8-9dbce56b887b"
  }
},
{
  "model": "wagtailcore.referenceindex",
  "pk": 38,
  "fields": {
    "content_type": [
      "home",
      "gallerypage"
    ],
    "base_content_type": [
      "wagtailcore",
      "page"
    ],
    "object_id": "5",
    "to_content_type": [
      "wagtailimages",
      "image"
    ],
    "to_object_id": "14",
    "model_path": "body.image_block.image",
    "content_path": "body.27f8be06-c297-4831-8a23-ee0fe5d40b0a.image",
    "content_path_hash": "f10d4d9d-6635-5f6d-bfa2-849094b68b93"
  }
},
{
  "model": "wagtailcore.referenceindex",
  "pk": 40,
  "fields": {
    "content_type": [
      "home",
      "product"
    ],
    "base_content_type": [
      "wagtailcore",
      "page"
    ],
    "object_id": "9",
    "to_content_type": [
      "wagtailimages",
      "image"
    ],
    "to_object_id": "7",
    "model_path": "image",
    "content_path": "image",
    "content_path_hash": "3cb1a537-a728-548b-b207-8423b6010580"
  }
},
{
  "model": "wagtailcore.referenceindex",
  "pk": 41,
  "fields": {
    "content_type": [
      "home",
      "gallerypage"
    ],
    "base_content_type": [
      "wagtailcore",
      "page"
    ],
    "object_id": "5",
    "to_content_type": [
      "wagtailimages",
      "image"
    ],
    "to_object_id": "7",
    "model_path": "body.image_block.image",
    "content_path": "body.def64ada-838c-43e9-88c0-5dc802b06334.image",
    "content_path_hash": "644bd268-c278-5b65-b9e5-f3a6fe2b264c"
  }
},
{
  "model": "wagtailcore.workflowpage",
  "pk": 1,
  "fields": {
    "workflow": 1
  }
},
{
  "model": "wagtailcore.workflowtask",
  "pk": 1,
  "fields": {
    "sort_order": 0,
    "workflow": 1,
    "task": 1
  }
},
{
  "model": "wagtailcore.task",
  "pk": 1,
  "fields": {
    "name": "Moderators approval",
    "content_type": [
      "wagtailcore",
      "groupapprovaltask"
    ],
    "active": true
  }
},
{
  "model": "wagtailcore.workflow",
  "pk": 1,
  "fields": {
    "name": "Moderators approval",
    "active": true
  }
},
{
  "model": "taggit.tag",
  "pk": 1,
  "fields": {
    "name": "Ash Glaze",
    "slug": "ash-glaze"
  }
},
{
  "model": "taggit.tag",
  "pk": 2,
  "fields": {
    "name": "Vase",
    "slug": "vase"
  }
},
{
  "model": "taggit.tag",
  "pk": 3,
  "fields": {
    "name": "Teapot",
    "slug": "teapot"
  }
},
{
  "model": "taggit.taggeditem",
  "pk": 1,
  "fields": {
    "tag": 1,
    "content_type": [
      "wagtailimages",
      "image"
    ],
    "object_id": 10
  }
},
{
  "model": "taggit.taggeditem",
  "pk": 2,
  "fields": {
    "tag": 2,
    "content_type": [
      "wagtailimages",
      "image"
    ],
    "object_id": 10
  }
},
{
  "model": "taggit.taggeditem",
  "pk": 3,
  "fields": {
    "tag": 3,
    "content_type": [
      "wagtailimages",
      "image"
    ],
    "object_id": 13
  }
},
{
  "model": "auth.group",
  "pk": 1,
  "fields": {
    "name": "Moderators",
    "permissions": [
      [
        "access_admin",
        "wagtailadmin",
        "admin"
      ],
      [
        "add_document",
        "wagtaildocs",
        "document"
      ],
      [
        "change_document",
        "wagtaildocs",
        "document"
      ],
      [
        "choose_document",
        "wagtaildocs",
        "document"
      ],
      [
        "delete_document",
        "wagtaildocs",
        "document"
      ],
      [
        "add_image",
        "wagtailimages",
        "image"
      ],
      [
        "change_image",
        "wagtailimages",
        "image"
      ],
      [
        "delete_image",
        "wagtailimages",
        "image"
      ]
    ]
  }
},
{
  "model": "auth.group",
  "pk": 2,
  "fields": {
    "name": "Editors",
    "permissions": [
      [
        "access_admin",
        "wagtailadmin",
        "admin"
      ],
      [
        "add_document",
        "wagtaildocs",
        "document"
      ],
      [
        "change_document",
        "wagtaildocs",
        "document"
      ],
      [
        "choose_document",
        "wagtaildocs",
        "document"
      ],
      [
        "delete_document",
        "wagtaildocs",
        "document"
      ],
      [
        "add_image",
        "wagtailimages",
        "image"
      ],
      [
        "change_image",
        "wagtailimages",
        "image"
      ],
      [
        "delete_image",
        "wagtailimages",
        "image"
      ]
    ]
  }
},
{
  "model": "auth.user",
  "pk": 1,
  "fields": {
    "password": "pbkdf2_sha256$600000$bOnWpzDnsuTxoGAHs9mQQd$Ssm/MkPDrxKLTGoCCspk9hUx3mCiuV0F21kjB6vaask=",
    "last_login": "2024-06-23T22:55:50.564Z",
    "is_superuser": true,
    "username": "esse",
    "first_name": "",
    "last_name": "",
    "email": "",
    "is_staff": true,
    "is_active": true,
    "date_joined": "2024-06-22T21:19:23.875Z",
    "groups": [],
    "user_permissions": []
  }
},
{
  "model": "sites.site",
  "pk": 1,
  "fields": {
    "domain": "example.com",
    "name": "example.com"
  }
},
{
  "model": "wagtailcore.pagesubscription",
  "pk": 1,
  "fields": {
    "user": [
      "esse"
    ],
    "page": 4,
    "comment_notifications": true
  }
},
{
  "model": "wagtailcore.pagesubscription",
  "pk": 2,
  "fields": {
    "user": [
      "esse"
    ],
    "page": 3,
    "comment_notifications": false
  }
},
{
  "model": "wagtailcore.pagesubscription",
  "pk": 3,
  "fields": {
    "user": [
      "esse"
    ],
    "page": 5,
    "comment_notifications": true
  }
},
{
  "model": "wagtailcore.pagesubscription",
  "pk": 4,
  "fields": {
    "user": [
      "esse"
    ],
    "page": 6,
    "comment_notifications": true
  }
},
{
  "model": "wagtailcore.pagesubscription",
  "pk": 5,
  "fields": {
    "user": [
      "esse"
    ],
    "page": 7,
    "comment_notifications": true
  }
},
{
  "model": "wagtailcore.pagesubscription",
  "pk": 6,
  "fields": {
    "user": [
      "esse"
    ],
    "page": 8,
    "comment_notifications": true
  }
},
{
  "model": "wagtailcore.pagesubscription",
  "pk": 7,
  "fields": {
    "user": [
      "esse"
    ],
    "page": 9,
    "comment_notifications": true
  }
},
{
  "model": "wagtailcore.pagelogentry",
  "pk": 1,
  "fields": {
    "content_type": [
      "home",
      "product"
    ],
    "label": "Iron Red Bottle",
    "action": "wagtail.create",
    "data": {},
    "timestamp": "2024-06-22T21:20:40.657Z",
    "uuid": "af55ad4f-d3a3-469c-8815-7b64f2a101d6",
    "user": [
      "esse"
    ],
    "revision": null,
    "content_changed": true,
    "deleted": false,
    "page": 4
  }
},
{
  "model": "wagtailcore.pagelogentry",
  "pk": 2,
  "fields": {
    "content_type": [
      "home",
      "product"
    ],
    "label": "Iron Red Bottle",
    "action": "wagtail.edit",
    "data": {},
    "timestamp": "2024-06-22T21:20:40.676Z",
    "uuid": "af55ad4f-d3a3-469c-8815-7b64f2a101d6",
    "user": [
      "esse"
    ],
    "revision": 1,
    "content_changed": true,
    "deleted": false,
    "page": 4
  }
},
{
  "model": "wagtailcore.pagelogentry",
  "pk": 3,
  "fields": {
    "content_type": [
      "home",
      "product"
    ],
    "label": "Iron Red Bottle",
    "action": "wagtail.publish",
    "data": {},
    "timestamp": "2024-06-22T21:20:40.696Z",
    "uuid": "af55ad4f-d3a3-469c-8815-7b64f2a101d6",
    "user": [
      "esse"
    ],
    "revision": 1,
    "content_changed": true,
    "deleted": false,
    "page": 4
  }
},
{
  "model": "wagtailcore.pagelogentry",
  "pk": 4,
  "fields": {
    "content_type": [
      "home",
      "homepage"
    ],
    "label": "Home",
    "action": "wagtail.edit",
    "data": {},
    "timestamp": "2024-06-22T21:21:24.307Z",
    "uuid": "d946d116-ed88-42ac-a20f-4d2164c81bc1",
    "user": [
      "esse"
    ],
    "revision": 2,
    "content_changed": true,
    "deleted": false,
    "page": 3
  }
},
{
  "model": "wagtailcore.pagelogentry",
  "pk": 5,
  "fields": {
    "content_type": [
      "home",
      "homepage"
    ],
    "label": "Home",
    "action": "wagtail.publish",
    "data": {},
    "timestamp": "2024-06-22T21:21:24.333Z",
    "uuid": "d946d116-ed88-42ac-a20f-4d2164c81bc1",
    "user": [
      "esse"
    ],
    "revision": 2,
    "content_changed": true,
    "deleted": false,
    "page": 3
  }
},
{
  "model": "wagtailcore.pagelogentry",
  "pk": 6,
  "fields": {
    "content_type": [
      "home",
      "gallerypage"
    ],
    "label": "Gallery",
    "action": "wagtail.create",
    "data": {},
    "timestamp": "2024-06-22T21:21:58.640Z",
    "uuid": "a80704ec-21e4-4cf9-976f-e1344762dcad",
    "user": [
      "esse"
    ],
    "revision": null,
    "content_changed": true,
    "deleted": false,
    "page": 5
  }
},
{
  "model": "wagtailcore.pagelogentry",
  "pk": 7,
  "fields": {
    "content_type": [
      "home",
      "gallerypage"
    ],
    "label": "Gallery",
    "action": "wagtail.edit",
    "data": {},
    "timestamp": "2024-06-22T21:21:58.649Z",
    "uuid": "a80704ec-21e4-4cf9-976f-e1344762dcad",
    "user": [
      "esse"
    ],
    "revision": 3,
    "content_changed": true,
    "deleted": false,
    "page": 5
  }
},
{
  "model": "wagtailcore.pagelogentry",
  "pk": 8,
  "fields": {
    "content_type": [
      "home",
      "gallerypage"
    ],
    "label": "Gallery",
    "action": "wagtail.publish",
    "data": {},
    "timestamp": "2024-06-22T21:21:58.664Z",
    "uuid": "a80704ec-21e4-4cf9-976f-e1344762dcad",
    "user": [
      "esse"
    ],
    "revision": 3,
    "content_changed": true,
    "deleted": false,
    "page": 5
  }
},
{
  "model": "wagtailcore.pagelogentry",
  "pk": 9,
  "fields": {
    "content_type": [
      "home",
      "gallerypage"
    ],
    "label": "Gallery",
    "action": "wagtail.edit",
    "data": {},
    "timestamp": "2024-06-22T21:22:37.156Z",
    "uuid": "ff805561-662e-47cc-808d-40cc64a44418",
    "user": [
      "esse"
    ],
    "revision": 4,
    "content_changed": true,
    "deleted": false,
    "page": 5
  }
},
{
  "model": "wagtailcore.pagelogentry",
  "pk": 10,
  "fields": {
    "content_type": [
      "home",
      "gallerypage"
    ],
    "label": "Gallery",
    "action": "wagtail.publish",
    "data": {},
    "timestamp": "2024-06-22T21:22:37.179Z",
    "uuid": "ff805561-662e-47cc-808d-40cc64a44418",
    "user": [
      "esse"
    ],
    "revision": 4,
    "content_changed": true,
    "deleted": false,
    "page": 5
  }
},
{
  "model": "wagtailcore.pagelogentry",
  "pk": 11,
  "fields": {
    "content_type": [
      "home",
      "gallerypage"
    ],
    "label": "Gallery",
    "action": "wagtail.edit",
    "data": {},
    "timestamp": "2024-06-23T16:31:06.735Z",
    "uuid": "f9008195-8a1e-4004-bca4-91349c20bcd2",
    "user": [
      "esse"
    ],
    "revision": 5,
    "content_changed": true,
    "deleted": false,
    "page": 5
  }
},
{
  "model": "wagtailcore.pagelogentry",
  "pk": 12,
  "fields": {
    "content_type": [
      "home",
      "gallerypage"
    ],
    "label": "Gallery",
    "action": "wagtail.publish",
    "data": {},
    "timestamp": "2024-06-23T16:31:06.765Z",
    "uuid": "f9008195-8a1e-4004-bca4-91349c20bcd2",
    "user": [
      "esse"
    ],
    "revision": 5,
    "content_changed": true,
    "deleted": false,
    "page": 5
  }
},
{
  "model": "wagtailcore.pagelogentry",
  "pk": 13,
  "fields": {
    "content_type": [
      "home",
      "gallerypage"
    ],
    "label": "Gallery",
    "action": "wagtail.edit",
    "data": {},
    "timestamp": "2024-06-23T16:34:06.896Z",
    "uuid": "d5800c60-8844-450c-bfed-44bbac7eeeb4",
    "user": [
      "esse"
    ],
    "revision": 6,
    "content_changed": true,
    "deleted": false,
    "page": 5
  }
},
{
  "model": "wagtailcore.pagelogentry",
  "pk": 14,
  "fields": {
    "content_type": [
      "home",
      "gallerypage"
    ],
    "label": "Gallery",
    "action": "wagtail.publish",
    "data": {},
    "timestamp": "2024-06-23T16:34:06.918Z",
    "uuid": "d5800c60-8844-450c-bfed-44bbac7eeeb4",
    "user": [
      "esse"
    ],
    "revision": 6,
    "content_changed": true,
    "deleted": false,
    "page": 5
  }
},
{
  "model": "wagtailcore.pagelogentry",
  "pk": 15,
  "fields": {
    "content_type": [
      "home",
      "gallerypage"
    ],
    "label": "Gallery",
    "action": "wagtail.edit",
    "data": {},
    "timestamp": "2024-06-23T16:37:25.300Z",
    "uuid": "a7948402-dc0a-44f5-9384-6a773bdb04d1",
    "user": [
      "esse"
    ],
    "revision": 7,
    "content_changed": true,
    "deleted": false,
    "page": 5
  }
},
{
  "model": "wagtailcore.pagelogentry",
  "pk": 16,
  "fields": {
    "content_type": [
      "home",
      "gallerypage"
    ],
    "label": "Gallery",
    "action": "wagtail.publish",
    "data": {},
    "timestamp": "2024-06-23T16:37:25.323Z",
    "uuid": "a7948402-dc0a-44f5-9384-6a773bdb04d1",
    "user": [
      "esse"
    ],
    "revision": 7,
    "content_changed": true,
    "deleted": false,
    "page": 5
  }
},
{
  "model": "wagtailcore.pagelogentry",
  "pk": 17,
  "fields": {
    "content_type": [
      "home",
      "gallerypage"
    ],
    "label": "Gallery",
    "action": "wagtail.edit",
    "data": {},
    "timestamp": "2024-06-23T19:29:35.440Z",
    "uuid": "634040e8-69df-4d3a-b057-af0866df66ca",
    "user": [
      "esse"
    ],
    "revision": 8,
    "content_changed": true,
    "deleted": false,
    "page": 5
  }
},
{
  "model": "wagtailcore.pagelogentry",
  "pk": 18,
  "fields": {
    "content_type": [
      "home",
      "gallerypage"
    ],
    "label": "Gallery",
    "action": "wagtail.publish",
    "data": {},
    "timestamp": "2024-06-23T19:29:35.462Z",
    "uuid": "634040e8-69df-4d3a-b057-af0866df66ca",
    "user": [
      "esse"
    ],
    "revision": 8,
    "content_changed": true,
    "deleted": false,
    "page": 5
  }
},
{
  "model": "wagtailcore.pagelogentry",
  "pk": 19,
  "fields": {
    "content_type": [
      "home",
      "gallerypage"
    ],
    "label": "Gallery",
    "action": "wagtail.edit",
    "data": {},
    "timestamp": "2024-06-23T19:30:19.960Z",
    "uuid": "10c3f9d3-2a13-4dbb-aeb7-ff7fd43a9f5f",
    "user": [
      "esse"
    ],
    "revision": 9,
    "content_changed": true,
    "deleted": false,
    "page": 5
  }
},
{
  "model": "wagtailcore.pagelogentry",
  "pk": 20,
  "fields": {
    "content_type": [
      "home",
      "gallerypage"
    ],
    "label": "Gallery",
    "action": "wagtail.edit",
    "data": {},
    "timestamp": "2024-06-23T19:30:44.160Z",
    "uuid": "f589c677-d143-4a19-8061-0099f7bb143c",
    "user": [
      "esse"
    ],
    "revision": 10,
    "content_changed": true,
    "deleted": false,
    "page": 5
  }
},
{
  "model": "wagtailcore.pagelogentry",
  "pk": 21,
  "fields": {
    "content_type": [
      "home",
      "gallerypage"
    ],
    "label": "Gallery",
    "action": "wagtail.publish",
    "data": {},
    "timestamp": "2024-06-23T19:30:44.181Z",
    "uuid": "f589c677-d143-4a19-8061-0099f7bb143c",
    "user": [
      "esse"
    ],
    "revision": 10,
    "content_changed": true,
    "deleted": false,
    "page": 5
  }
},
{
  "model": "wagtailcore.pagelogentry",
  "pk": 22,
  "fields": {
    "content_type": [
      "home",
      "gallerypage"
    ],
    "label": "Gallery",
    "action": "wagtail.edit",
    "data": {},
    "timestamp": "2024-06-23T20:48:09.440Z",
    "uuid": "927b09c0-b906-41a0-9ff2-09207f1eb6a1",
    "user": [
      "esse"
    ],
    "revision": 11,
    "content_changed": true,
    "deleted": false,
    "page": 5
  }
},
{
  "model": "wagtailcore.pagelogentry",
  "pk": 23,
  "fields": {
    "content_type": [
      "home",
      "gallerypage"
    ],
    "label": "Gallery",
    "action": "wagtail.publish",
    "data": {},
    "timestamp": "2024-06-23T20:48:09.463Z",
    "uuid": "927b09c0-b906-41a0-9ff2-09207f1eb6a1",
    "user": [
      "esse"
    ],
    "revision": 11,
    "content_changed": true,
    "deleted": false,
    "page": 5
  }
},
{
  "model": "wagtailcore.pagelogentry",
  "pk": 24,
  "fields": {
    "content_type": [
      "home",
      "gallerypage"
    ],
    "label": "Gallery",
    "action": "wagtail.edit",
    "data": {},
    "timestamp": "2024-06-23T20:48:44.304Z",
    "uuid": "c21f6902-2229-47a9-8b8c-99c9a8b1e2f9",
    "user": [
      "esse"
    ],
    "revision": 12,
    "content_changed": true,
    "deleted": false,
    "page": 5
  }
},
{
  "model": "wagtailcore.pagelogentry",
  "pk": 25,
  "fields": {
    "content_type": [
      "home",
      "gallerypage"
    ],
    "label": "Gallery",
    "action": "wagtail.publish",
    "data": {},
    "timestamp": "2024-06-23T20:48:44.327Z",
    "uuid": "c21f6902-2229-47a9-8b8c-99c9a8b1e2f9",
    "user": [
      "esse"
    ],
    "revision": 12,
    "content_changed": true,
    "deleted": false,
    "page": 5
  }
},
{
  "model": "wagtailcore.pagelogentry",
  "pk": 26,
  "fields": {
    "content_type": [
      "home",
      "gallerypage"
    ],
    "label": "Gallery",
    "action": "wagtail.edit",
    "data": {},
    "timestamp": "2024-06-23T20:49:27.615Z",
    "uuid": "b57092a2-751d-4e6d-8fb9-b6dd8f92cd3c",
    "user": [
      "esse"
    ],
    "revision": 13,
    "content_changed": true,
    "deleted": false,
    "page": 5
  }
},
{
  "model": "wagtailcore.pagelogentry",
  "pk": 27,
  "fields": {
    "content_type": [
      "home",
      "gallerypage"
    ],
    "label": "Gallery",
    "action": "wagtail.publish",
    "data": {},
    "timestamp": "2024-06-23T20:49:27.638Z",
    "uuid": "b57092a2-751d-4e6d-8fb9-b6dd8f92cd3c",
    "user": [
      "esse"
    ],
    "revision": 13,
    "content_changed": true,
    "deleted": false,
    "page": 5
  }
},
{
  "model": "wagtailcore.pagelogentry",
  "pk": 28,
  "fields": {
    "content_type": [
      "home",
      "gallerypage"
    ],
    "label": "Gallery",
    "action": "wagtail.edit",
    "data": {},
    "timestamp": "2024-06-23T20:49:50.872Z",
    "uuid": "70efde27-9078-4d9f-8904-2b43e3ffb417",
    "user": [
      "esse"
    ],
    "revision": 14,
    "content_changed": true,
    "deleted": false,
    "page": 5
  }
},
{
  "model": "wagtailcore.pagelogentry",
  "pk": 29,
  "fields": {
    "content_type": [
      "home",
      "gallerypage"
    ],
    "label": "Gallery",
    "action": "wagtail.publish",
    "data": {},
    "timestamp": "2024-06-23T20:49:50.889Z",
    "uuid": "70efde27-9078-4d9f-8904-2b43e3ffb417",
    "user": [
      "esse"
    ],
    "revision": 14,
    "content_changed": true,
    "deleted": false,
    "page": 5
  }
},
{
  "model": "wagtailcore.pagelogentry",
  "pk": 30,
  "fields": {
    "content_type": [
      "home",
      "gallerypage"
    ],
    "label": "Gallery",
    "action": "wagtail.edit",
    "data": {},
    "timestamp": "2024-06-23T20:50:54.514Z",
    "uuid": "e435f63d-70bb-439f-a419-3a310d6cd1d4",
    "user": [
      "esse"
    ],
    "revision": 15,
    "content_changed": true,
    "deleted": false,
    "page": 5
  }
},
{
  "model": "wagtailcore.pagelogentry",
  "pk": 31,
  "fields": {
    "content_type": [
      "home",
      "gallerypage"
    ],
    "label": "Gallery",
    "action": "wagtail.edit",
    "data": {},
    "timestamp": "2024-06-23T20:50:59.670Z",
    "uuid": "05a5e20a-9db9-4713-a63d-02cc93d72219",
    "user": [
      "esse"
    ],
    "revision": 16,
    "content_changed": true,
    "deleted": false,
    "page": 5
  }
},
{
  "model": "wagtailcore.pagelogentry",
  "pk": 32,
  "fields": {
    "content_type": [
      "home",
      "gallerypage"
    ],
    "label": "Gallery",
    "action": "wagtail.publish",
    "data": {},
    "timestamp": "2024-06-23T20:50:59.689Z",
    "uuid": "05a5e20a-9db9-4713-a63d-02cc93d72219",
    "user": [
      "esse"
    ],
    "revision": 16,
    "content_changed": false,
    "deleted": false,
    "page": 5
  }
},
{
  "model": "wagtailcore.pagelogentry",
  "pk": 33,
  "fields": {
    "content_type": [
      "home",
      "product"
    ],
    "label": "Iron Oxide Jar",
    "action": "wagtail.create",
    "data": {},
    "timestamp": "2024-06-23T20:52:35.292Z",
    "uuid": "f21263ce-f750-4d68-b09b-bde328c403bd",
    "user": [
      "esse"
    ],
    "revision": null,
    "content_changed": true,
    "deleted": false,
    "page": 6
  }
},
{
  "model": "wagtailcore.pagelogentry",
  "pk": 34,
  "fields": {
    "content_type": [
      "home",
      "product"
    ],
    "label": "Iron Oxide Jar",
    "action": "wagtail.edit",
    "data": {},
    "timestamp": "2024-06-23T20:52:35.302Z",
    "uuid": "f21263ce-f750-4d68-b09b-bde328c403bd",
    "user": [
      "esse"
    ],
    "revision": 17,
    "content_changed": true,
    "deleted": false,
    "page": 6
  }
},
{
  "model": "wagtailcore.pagelogentry",
  "pk": 35,
  "fields": {
    "content_type": [
      "home",
      "product"
    ],
    "label": "Iron Oxide Jar",
    "action": "wagtail.publish",
    "data": {},
    "timestamp": "2024-06-23T20:52:35.317Z",
    "uuid": "f21263ce-f750-4d68-b09b-bde328c403bd",
    "user": [
      "esse"
    ],
    "revision": 17,
    "content_changed": true,
    "deleted": false,
    "page": 6
  }
},
{
  "model": "wagtailcore.pagelogentry",
  "pk": 36,
  "fields": {
    "content_type": [
      "home",
      "product"
    ],
    "label": "Copper Red Bottle",
    "action": "wagtail.create",
    "data": {},
    "timestamp": "2024-06-23T20:54:59.717Z",
    "uuid": "37936b77-08ea-4223-8b02-1399fb149cbf",
    "user": [
      "esse"
    ],
    "revision": null,
    "content_changed": true,
    "deleted": false,
    "page": 7
  }
},
{
  "model": "wagtailcore.pagelogentry",
  "pk": 37,
  "fields": {
    "content_type": [
      "home",
      "product"
    ],
    "label": "Copper Red Bottle",
    "action": "wagtail.edit",
    "data": {},
    "timestamp": "2024-06-23T20:54:59.731Z",
    "uuid": "37936b77-08ea-4223-8b02-1399fb149cbf",
    "user": [
      "esse"
    ],
    "revision": 22,
    "content_changed": true,
    "deleted": false,
    "page": 7
  }
},
{
  "model": "wagtailcore.pagelogentry",
  "pk": 38,
  "fields": {
    "content_type": [
      "home",
      "product"
    ],
    "label": "Copper Red Bottle",
    "action": "wagtail.publish",
    "data": {},
    "timestamp": "2024-06-23T20:54:59.751Z",
    "uuid": "37936b77-08ea-4223-8b02-1399fb149cbf",
    "user": [
      "esse"
    ],
    "revision": 22,
    "content_changed": true,
    "deleted": false,
    "page": 7
  }
},
{
  "model": "wagtailcore.pagelogentry",
  "pk": 39,
  "fields": {
    "content_type": [
      "home",
      "product"
    ],
    "label": "Shino Hourglass Cup",
    "action": "wagtail.create",
    "data": {},
    "timestamp": "2024-06-23T22:10:34.186Z",
    "uuid": "a7a56a03-6757-4a21-8626-ed3ad698eab1",
    "user": [
      "esse"
    ],
    "revision": null,
    "content_changed": true,
    "deleted": false,
    "page": 8
  }
},
{
  "model": "wagtailcore.pagelogentry",
  "pk": 40,
  "fields": {
    "content_type": [
      "home",
      "product"
    ],
    "label": "Shino Hourglass Cup",
    "action": "wagtail.edit",
    "data": {},
    "timestamp": "2024-06-23T22:10:34.198Z",
    "uuid": "a7a56a03-6757-4a21-8626-ed3ad698eab1",
    "user": [
      "esse"
    ],
    "revision": 23,
    "content_changed": true,
    "deleted": false,
    "page": 8
  }
},
{
  "model": "wagtailcore.pagelogentry",
  "pk": 41,
  "fields": {
    "content_type": [
      "home",
      "product"
    ],
    "label": "Shino Hourglass Cup",
    "action": "wagtail.publish",
    "data": {},
    "timestamp": "2024-06-23T22:10:34.214Z",
    "uuid": "a7a56a03-6757-4a21-8626-ed3ad698eab1",
    "user": [
      "esse"
    ],
    "revision": 23,
    "content_changed": true,
    "deleted": false,
    "page": 8
  }
},
{
  "model": "wagtailcore.pagelogentry",
  "pk": 42,
  "fields": {
    "content_type": [
      "home",
      "gallerypage"
    ],
    "label": "Gallery",
    "action": "wagtail.edit",
    "data": {},
    "timestamp": "2024-06-23T22:11:52.358Z",
    "uuid": "734f7ea8-bd7f-4a44-b5f0-e410c0709282",
    "user": [
      "esse"
    ],
    "revision": 24,
    "content_changed": true,
    "deleted": false,
    "page": 5
  }
},
{
  "model": "wagtailcore.pagelogentry",
  "pk": 43,
  "fields": {
    "content_type": [
      "home",
      "gallerypage"
    ],
    "label": "Gallery",
    "action": "wagtail.publish",
    "data": {},
    "timestamp": "2024-06-23T22:11:52.379Z",
    "uuid": "734f7ea8-bd7f-4a44-b5f0-e410c0709282",
    "user": [
      "esse"
    ],
    "revision": 24,
    "content_changed": true,
    "deleted": false,
    "page": 5
  }
},
{
  "model": "wagtailcore.pagelogentry",
  "pk": 44,
  "fields": {
    "content_type": [
      "home",
      "gallerypage"
    ],
    "label": "Gallery",
    "action": "wagtail.edit",
    "data": {},
    "timestamp": "2024-06-23T22:13:09.627Z",
    "uuid": "0ec0959d-35d6-4664-ad84-6da9452953a0",
    "user": [
      "esse"
    ],
    "revision": 25,
    "content_changed": true,
    "deleted": false,
    "page": 5
  }
},
{
  "model": "wagtailcore.pagelogentry",
  "pk": 45,
  "fields": {
    "content_type": [
      "home",
      "gallerypage"
    ],
    "label": "Gallery",
    "action": "wagtail.publish",
    "data": {},
    "timestamp": "2024-06-23T22:13:09.653Z",
    "uuid": "0ec0959d-35d6-4664-ad84-6da9452953a0",
    "user": [
      "esse"
    ],
    "revision": 25,
    "content_changed": true,
    "deleted": false,
    "page": 5
  }
},
{
  "model": "wagtailcore.pagelogentry",
  "pk": 46,
  "fields": {
    "content_type": [
      "home",
      "gallerypage"
    ],
    "label": "Gallery",
    "action": "wagtail.edit",
    "data": {},
    "timestamp": "2024-06-23T22:58:46.641Z",
    "uuid": "a6efeca9-ac0c-4e51-ac7a-36ea4106f493",
    "user": [
      "esse"
    ],
    "revision": 26,
    "content_changed": true,
    "deleted": false,
    "page": 5
  }
},
{
  "model": "wagtailcore.pagelogentry",
  "pk": 47,
  "fields": {
    "content_type": [
      "home",
      "gallerypage"
    ],
    "label": "Gallery",
    "action": "wagtail.publish",
    "data": {},
    "timestamp": "2024-06-23T22:58:46.663Z",
    "uuid": "a6efeca9-ac0c-4e51-ac7a-36ea4106f493",
    "user": [
      "esse"
    ],
    "revision": 26,
    "content_changed": true,
    "deleted": false,
    "page": 5
  }
},
{
  "model": "wagtailcore.pagelogentry",
  "pk": 48,
  "fields": {
    "content_type": [
      "home",
      "gallerypage"
    ],
    "label": "Gallery",
    "action": "wagtail.edit",
    "data": {},
    "timestamp": "2024-06-23T23:00:01.717Z",
    "uuid": "3b383cce-2b26-4d07-a23c-39bcffbb3417",
    "user": [
      "esse"
    ],
    "revision": 27,
    "content_changed": true,
    "deleted": false,
    "page": 5
  }
},
{
  "model": "wagtailcore.pagelogentry",
  "pk": 49,
  "fields": {
    "content_type": [
      "home",
      "gallerypage"
    ],
    "label": "Gallery",
    "action": "wagtail.publish",
    "data": {},
    "timestamp": "2024-06-23T23:00:01.740Z",
    "uuid": "3b383cce-2b26-4d07-a23c-39bcffbb3417",
    "user": [
      "esse"
    ],
    "revision": 27,
    "content_changed": true,
    "deleted": false,
    "page": 5
  }
},
{
  "model": "wagtailcore.pagelogentry",
  "pk": 50,
  "fields": {
    "content_type": [
      "home",
      "gallerypage"
    ],
    "label": "Gallery",
    "action": "wagtail.edit",
    "data": {},
    "timestamp": "2024-06-23T23:00:51.410Z",
    "uuid": "f360e87c-97c1-4b48-8611-6ccd3e353226",
    "user": [
      "esse"
    ],
    "revision": 28,
    "content_changed": true,
    "deleted": false,
    "page": 5
  }
},
{
  "model": "wagtailcore.pagelogentry",
  "pk": 51,
  "fields": {
    "content_type": [
      "home",
      "gallerypage"
    ],
    "label": "Gallery",
    "action": "wagtail.publish",
    "data": {},
    "timestamp": "2024-06-23T23:00:51.432Z",
    "uuid": "f360e87c-97c1-4b48-8611-6ccd3e353226",
    "user": [
      "esse"
    ],
    "revision": 28,
    "content_changed": true,
    "deleted": false,
    "page": 5
  }
},
{
  "model": "wagtailcore.pagelogentry",
  "pk": 52,
  "fields": {
    "content_type": [
      "home",
      "gallerypage"
    ],
    "label": "Gallery",
    "action": "wagtail.edit",
    "data": {},
    "timestamp": "2024-06-23T23:01:39.732Z",
    "uuid": "a3f87517-de9a-444d-961b-b1ae19928df9",
    "user": [
      "esse"
    ],
    "revision": 29,
    "content_changed": true,
    "deleted": false,
    "page": 5
  }
},
{
  "model": "wagtailcore.pagelogentry",
  "pk": 53,
  "fields": {
    "content_type": [
      "home",
      "gallerypage"
    ],
    "label": "Gallery",
    "action": "wagtail.publish",
    "data": {},
    "timestamp": "2024-06-23T23:01:39.754Z",
    "uuid": "a3f87517-de9a-444d-961b-b1ae19928df9",
    "user": [
      "esse"
    ],
    "revision": 29,
    "content_changed": true,
    "deleted": false,
    "page": 5
  }
},
{
  "model": "wagtailcore.pagelogentry",
  "pk": 54,
  "fields": {
    "content_type": [
      "home",
      "gallerypage"
    ],
    "label": "Gallery",
    "action": "wagtail.edit",
    "data": {},
    "timestamp": "2024-06-23T23:02:51.778Z",
    "uuid": "8b1d38fd-17e6-49ad-bf60-90dc61ab1679",
    "user": [
      "esse"
    ],
    "revision": 30,
    "content_changed": true,
    "deleted": false,
    "page": 5
  }
},
{
  "model": "wagtailcore.pagelogentry",
  "pk": 55,
  "fields": {
    "content_type": [
      "home",
      "gallerypage"
    ],
    "label": "Gallery",
    "action": "wagtail.publish",
    "data": {},
    "timestamp": "2024-06-23T23:02:51.799Z",
    "uuid": "8b1d38fd-17e6-49ad-bf60-90dc61ab1679",
    "user": [
      "esse"
    ],
    "revision": 30,
    "content_changed": true,
    "deleted": false,
    "page": 5
  }
},
{
  "model": "wagtailcore.pagelogentry",
  "pk": 56,
  "fields": {
    "content_type": [
      "home",
      "gallerypage"
    ],
    "label": "Gallery",
    "action": "wagtail.edit",
    "data": {},
    "timestamp": "2024-06-23T23:04:22.792Z",
    "uuid": "0ec31aaf-e543-4614-ae3a-cc36b48d84c9",
    "user": [
      "esse"
    ],
    "revision": 31,
    "content_changed": true,
    "deleted": false,
    "page": 5
  }
},
{
  "model": "wagtailcore.pagelogentry",
  "pk": 57,
  "fields": {
    "content_type": [
      "home",
      "gallerypage"
    ],
    "label": "Gallery",
    "action": "wagtail.publish",
    "data": {},
    "timestamp": "2024-06-23T23:04:22.814Z",
    "uuid": "0ec31aaf-e543-4614-ae3a-cc36b48d84c9",
    "user": [
      "esse"
    ],
    "revision": 31,
    "content_changed": true,
    "deleted": false,
    "page": 5
  }
},
{
  "model": "wagtailcore.pagelogentry",
  "pk": 58,
  "fields": {
    "content_type": [
      "home",
      "gallerypage"
    ],
    "label": "Gallery",
    "action": "wagtail.edit",
    "data": {},
    "timestamp": "2024-06-23T23:05:09.346Z",
    "uuid": "c438f8cf-0d65-412f-8058-00de62717f33",
    "user": [
      "esse"
    ],
    "revision": 32,
    "content_changed": true,
    "deleted": false,
    "page": 5
  }
},
{
  "model": "wagtailcore.pagelogentry",
  "pk": 59,
  "fields": {
    "content_type": [
      "home",
      "gallerypage"
    ],
    "label": "Gallery",
    "action": "wagtail.publish",
    "data": {},
    "timestamp": "2024-06-23T23:05:09.369Z",
    "uuid": "c438f8cf-0d65-412f-8058-00de62717f33",
    "user": [
      "esse"
    ],
    "revision": 32,
    "content_changed": true,
    "deleted": false,
    "page": 5
  }
},
{
  "model": "wagtailcore.pagelogentry",
  "pk": 60,
  "fields": {
    "content_type": [
      "home",
      "gallerypage"
    ],
    "label": "Gallery",
    "action": "wagtail.edit",
    "data": {},
    "timestamp": "2024-06-23T23:06:56.717Z",
    "uuid": "4936836a-e3e4-47dd-a6fa-ffce45c9e408",
    "user": [
      "esse"
    ],
    "revision": 33,
    "content_changed": true,
    "deleted": false,
    "page": 5
  }
},
{
  "model": "wagtailcore.pagelogentry",
  "pk": 61,
  "fields": {
    "content_type": [
      "home",
      "gallerypage"
    ],
    "label": "Gallery",
    "action": "wagtail.publish",
    "data": {},
    "timestamp": "2024-06-23T23:06:56.735Z",
    "uuid": "4936836a-e3e4-47dd-a6fa-ffce45c9e408",
    "user": [
      "esse"
    ],
    "revision": 33,
    "content_changed": true,
    "deleted": false,
    "page": 5
  }
},
{
  "model": "wagtailcore.pagelogentry",
  "pk": 62,
  "fields": {
    "content_type": [
      "home",
      "product"
    ],
    "label": "Iron Red Cup",
    "action": "wagtail.create",
    "data": {},
    "timestamp": "2024-06-23T23:09:56.899Z",
    "uuid": "df23a9f6-5cf9-4e5b-abac-7d0adaa3d5d0",
    "user": [
      "esse"
    ],
    "revision": null,
    "content_changed": true,
    "deleted": false,
    "page": 9
  }
},
{
  "model": "wagtailcore.pagelogentry",
  "pk": 63,
  "fields": {
    "content_type": [
      "home",
      "product"
    ],
    "label": "Iron Red Cup",
    "action": "wagtail.edit",
    "data": {},
    "timestamp": "2024-06-23T23:09:56.917Z",
    "uuid": "df23a9f6-5cf9-4e5b-abac-7d0adaa3d5d0",
    "user": [
      "esse"
    ],
    "revision": 34,
    "content_changed": true,
    "deleted": false,
    "page": 9
  }
},
{
  "model": "wagtailcore.pagelogentry",
  "pk": 64,
  "fields": {
    "content_type": [
      "home",
      "product"
    ],
    "label": "Iron Red Cup",
    "action": "wagtail.publish",
    "data": {},
    "timestamp": "2024-06-23T23:09:56.938Z",
    "uuid": "df23a9f6-5cf9-4e5b-abac-7d0adaa3d5d0",
    "user": [
      "esse"
    ],
    "revision": 34,
    "content_changed": true,
    "deleted": false,
    "page": 9
  }
},
{
  "model": "wagtailcore.pagelogentry",
  "pk": 65,
  "fields": {
    "content_type": [
      "home",
      "gallerypage"
    ],
    "label": "Gallery",
    "action": "wagtail.edit",
    "data": {},
    "timestamp": "2024-06-23T23:10:46.806Z",
    "uuid": "56495911-0ccd-4bb5-b4e0-6307e0010520",
    "user": [
      "esse"
    ],
    "revision": 35,
    "content_changed": true,
    "deleted": false,
    "page": 5
  }
},
{
  "model": "wagtailcore.pagelogentry",
  "pk": 66,
  "fields": {
    "content_type": [
      "home",
      "gallerypage"
    ],
    "label": "Gallery",
    "action": "wagtail.publish",
    "data": {},
    "timestamp": "2024-06-23T23:10:46.827Z",
    "uuid": "56495911-0ccd-4bb5-b4e0-6307e0010520",
    "user": [
      "esse"
    ],
    "revision": 35,
    "content_changed": true,
    "deleted": false,
    "page": 5
  }
},
{
  "model": "wagtailcore.groupapprovaltask",
  "pk": 1,
  "fields": {
    "groups": [
      [
        "Moderators"
      ]
    ]
  }
},
{
  "model": "wagtailcore.revision",
  "pk": 1,
  "fields": {
    "content_type": [
      "home",
      "product"
    ],
    "base_content_type": [
      "wagtailcore",
      "page"
    ],
    "object_id": "4",
    "created_at": "2024-06-22T21:20:40.667Z",
    "user": [
      "esse"
    ],
    "object_str": "Iron Red Bottle",
    "content": {
      "pk": 4,
      "path": "000100010001",
      "depth": 3,
      "numchild": 0,
      "translation_key": "fa9e5651-9948-4106-9ec1-9b9aadf50d3f",
      "locale": 1,
      "latest_revision": null,
      "live": true,
      "has_unpublished_changes": false,
      "first_published_at": null,
      "last_published_at": null,
      "live_revision": null,
      "go_live_at": null,
      "expire_at": null,
      "expired": false,
      "locked": false,
      "locked_at": null,
      "locked_by": null,
      "title": "Iron Red Bottle",
      "draft_title": "Iron Red Bottle",
      "slug": "iron-red-bottle",
      "content_type": 29,
      "url_path": "/home/iron-red-bottle/",
      "owner": 1,
      "seo_title": "",
      "show_in_menus": false,
      "search_description": "",
      "latest_revision_created_at": null,
      "alias_of": null,
      "sku": "1234",
      "short_description": "",
      "price": "100",
      "image": 1,
      "wagtail_admin_comments": [],
      "custom_fields": [],
      "carousel_images": [],
      "categories": []
    },
    "approved_go_live_at": null
  }
},
{
  "model": "wagtailcore.revision",
  "pk": 2,
  "fields": {
    "content_type": [
      "home",
      "homepage"
    ],
    "base_content_type": [
      "wagtailcore",
      "page"
    ],
    "object_id": "3",
    "created_at": "2024-06-22T21:21:24.296Z",
    "user": [
      "esse"
    ],
    "object_str": "Home",
    "content": {
      "pk": 3,
      "path": "00010001",
      "depth": 2,
      "numchild": 1,
      "translation_key": "72f58f59-c1d3-4af1-9c7a-ed9c2c9ced0e",
      "locale": 1,
      "latest_revision": null,
      "live": true,
      "has_unpublished_changes": false,
      "first_published_at": null,
      "last_published_at": null,
      "live_revision": null,
      "go_live_at": null,
      "expire_at": null,
      "expired": false,
      "locked": false,
      "locked_at": null,
      "locked_by": null,
      "title": "Home",
      "draft_title": "Home",
      "slug": "home",
      "content_type": 4,
      "url_path": "/home/",
      "owner": null,
      "seo_title": "",
      "show_in_menus": false,
      "search_description": "",
      "latest_revision_created_at": null,
      "alias_of": null,
      "wagtail_admin_comments": [],
      "carousel_images": [
        {
          "pk": null,
          "sort_order": 0,
          "product": 3,
          "carousel_image": 2,
          "hero_text": "Reduction Stoneware",
          "hero_cta": "View Gallery",
          "hero_cta_link": null
        },
        {
          "pk": null,
          "sort_order": 1,
          "product": 3,
          "carousel_image": 3,
          "hero_text": "Wood-Fired Stoneware",
          "hero_cta": "Shop Now",
          "hero_cta_link": null
        }
      ]
    },
    "approved_go_live_at": null
  }
},
{
  "model": "wagtailcore.revision",
  "pk": 3,
  "fields": {
    "content_type": [
      "home",
      "gallerypage"
    ],
    "base_content_type": [
      "wagtailcore",
      "page"
    ],
    "object_id": "5",
    "created_at": "2024-06-22T21:21:58.644Z",
    "user": [
      "esse"
    ],
    "object_str": "Gallery",
    "content": {
      "pk": 5,
      "path": "000100010002",
      "depth": 3,
      "numchild": 0,
      "translation_key": "d071e698-bbe6-48aa-a3bc-b79f3f819330",
      "locale": 1,
      "latest_revision": null,
      "live": true,
      "has_unpublished_changes": false,
      "first_published_at": null,
      "last_published_at": null,
      "live_revision": null,
      "go_live_at": null,
      "expire_at": null,
      "expired": false,
      "locked": false,
      "locked_at": null,
      "locked_by": null,
      "title": "Gallery",
      "draft_title": "Gallery",
      "slug": "gallery",
      "content_type": 35,
      "url_path": "/home/gallery/",
      "owner": 1,
      "seo_title": "",
      "show_in_menus": false,
      "search_description": "",
      "latest_revision_created_at": null,
      "alias_of": null,
      "introduction": "",
      "image": null,
      "body": "[]",
      "collection": null,
      "wagtail_admin_comments": []
    },
    "approved_go_live_at": null
  }
},
{
  "model": "wagtailcore.revision",
  "pk": 4,
  "fields": {
    "content_type": [
      "home",
      "gallerypage"
    ],
    "base_content_type": [
      "wagtailcore",
      "page"
    ],
    "object_id": "5",
    "created_at": "2024-06-22T21:22:37.148Z",
    "user": [
      "esse"
    ],
    "object_str": "Gallery",
    "content": {
      "pk": 5,
      "path": "000100010002",
      "depth": 3,
      "numchild": 0,
      "translation_key": "d071e698-bbe6-48aa-a3bc-b79f3f819330",
      "locale": 1,
      "latest_revision": 3,
      "live": true,
      "has_unpublished_changes": false,
      "first_published_at": "2024-06-22T21:21:58.653Z",
      "last_published_at": "2024-06-22T21:21:58.653Z",
      "live_revision": 3,
      "go_live_at": null,
      "expire_at": null,
      "expired": false,
      "locked": false,
      "locked_at": null,
      "locked_by": null,
      "title": "Gallery",
      "draft_title": "Gallery",
      "slug": "gallery",
      "content_type": 35,
      "url_path": "/home/gallery/",
      "owner": 1,
      "seo_title": "",
      "show_in_menus": false,
      "search_description": "",
      "latest_revision_created_at": "2024-06-22T21:21:58.644Z",
      "alias_of": null,
      "introduction": "",
      "image": null,
      "body": "[]",
      "collection": 2,
      "wagtail_admin_comments": []
    },
    "approved_go_live_at": null
  }
},
{
  "model": "wagtailcore.revision",
  "pk": 5,
  "fields": {
    "content_type": [
      "home",
      "gallerypage"
    ],
    "base_content_type": [
      "wagtailcore",
      "page"
    ],
    "object_id": "5",
    "created_at": "2024-06-23T16:31:06.722Z",
    "user": [
      "esse"
    ],
    "object_str": "Gallery",
    "content": {
      "pk": 5,
      "path": "000100010002",
      "depth": 3,
      "numchild": 0,
      "translation_key": "d071e698-bbe6-48aa-a3bc-b79f3f819330",
      "locale": 1,
      "latest_revision": 4,
      "live": true,
      "has_unpublished_changes": false,
      "first_published_at": "2024-06-22T21:21:58.653Z",
      "last_published_at": "2024-06-22T21:22:37.162Z",
      "live_revision": 4,
      "go_live_at": null,
      "expire_at": null,
      "expired": false,
      "locked": false,
      "locked_at": null,
      "locked_by": null,
      "title": "Gallery",
      "draft_title": "Gallery",
      "slug": "gallery",
      "content_type": 35,
      "url_path": "/home/gallery/",
      "owner": 1,
      "seo_title": "",
      "show_in_menus": false,
      "search_description": "",
      "latest_revision_created_at": "2024-06-22T21:22:37.148Z",
      "alias_of": null,
      "body": "[{\"type\": \"image_block\", \"value\": {\"image\": 4, \"caption\": \"Djini bottle - NFS\", \"attribution\": \"\"}, \"id\": \"f7706d89-4554-437e-8114-9298261af2c4\"}]",
      "subtitle": "",
      "wagtail_admin_comments": []
    },
    "approved_go_live_at": null
  }
},
{
  "model": "wagtailcore.revision",
  "pk": 6,
  "fields": {
    "content_type": [
      "home",
      "gallerypage"
    ],
    "base_content_type": [
      "wagtailcore",
      "page"
    ],
    "object_id": "5",
    "created_at": "2024-06-23T16:34:06.885Z",
    "user": [
      "esse"
    ],
    "object_str": "Gallery",
    "content": {
      "pk": 5,
      "path": "000100010002",
      "depth": 3,
      "numchild": 0,
      "translation_key": "d071e698-bbe6-48aa-a3bc-b79f3f819330",
      "locale": 1,
      "latest_revision": 5,
      "live": true,
      "has_unpublished_changes": false,
      "first_published_at": "2024-06-22T21:21:58.653Z",
      "last_published_at": "2024-06-23T16:31:06.750Z",
      "live_revision": 5,
      "go_live_at": null,
      "expire_at": null,
      "expired": false,
      "locked": false,
      "locked_at": null,
      "locked_by": null,
      "title": "Gallery",
      "draft_title": "Gallery",
      "slug": "gallery",
      "content_type": 35,
      "url_path": "/home/gallery/",
      "owner": 1,
      "seo_title": "",
      "show_in_menus": false,
      "search_description": "",
      "latest_revision_created_at": "2024-06-23T16:31:06.722Z",
      "alias_of": null,
      "body": "[{\"type\": \"image_block\", \"value\": {\"image\": 4, \"caption\": \"Djini bottle - NFS\", \"attribution\": \"\"}, \"id\": \"f7706d89-4554-437e-8114-9298261af2c4\"}, {\"type\": \"image_block\", \"value\": {\"image\": 10, \"caption\": \"\", \"attribution\": \"Ash Glaze Vase - NFS\"}, \"id\": \"09553cad-89f0-4f13-aa01-d5fe1fbfefc8\"}, {\"type\": \"image_block\", \"value\": {\"image\": 1, \"caption\": \"<a href=\\\"/iron-red-bottle/\\\"><h4>Iron Red Bottle</h4></a>\", \"attribution\": \"\"}, \"id\": \"815be7f5-b4fa-4742-a268-f98f264f17c4\"}]",
      "subtitle": "",
      "wagtail_admin_comments": []
    },
    "approved_go_live_at": null
  }
},
{
  "model": "wagtailcore.revision",
  "pk": 7,
  "fields": {
    "content_type": [
      "home",
      "gallerypage"
    ],
    "base_content_type": [
      "wagtailcore",
      "page"
    ],
    "object_id": "5",
    "created_at": "2024-06-23T16:37:25.290Z",
    "user": [
      "esse"
    ],
    "object_str": "Gallery",
    "content": {
      "pk": 5,
      "path": "000100010002",
      "depth": 3,
      "numchild": 0,
      "translation_key": "d071e698-bbe6-48aa-a3bc-b79f3f819330",
      "locale": 1,
      "latest_revision": 6,
      "live": true,
      "has_unpublished_changes": false,
      "first_published_at": "2024-06-22T21:21:58.653Z",
      "last_published_at": "2024-06-23T16:34:06.904Z",
      "live_revision": 6,
      "go_live_at": null,
      "expire_at": null,
      "expired": false,
      "locked": false,
      "locked_at": null,
      "locked_by": null,
      "title": "Gallery",
      "draft_title": "Gallery",
      "slug": "gallery",
      "content_type": 35,
      "url_path": "/home/gallery/",
      "owner": 1,
      "seo_title": "",
      "show_in_menus": false,
      "search_description": "",
      "latest_revision_created_at": "2024-06-23T16:34:06.885Z",
      "alias_of": null,
      "body": "[{\"type\": \"image_block\", \"value\": {\"image\": 4, \"caption\": \"Djini bottle - NFS\", \"attribution\": \"\"}, \"id\": \"f7706d89-4554-437e-8114-9298261af2c4\"}, {\"type\": \"image_block\", \"value\": {\"image\": 10, \"caption\": \"\", \"attribution\": \"Ash Glaze Vase - NFS\"}, \"id\": \"09553cad-89f0-4f13-aa01-d5fe1fbfefc8\"}, {\"type\": \"image_block\", \"value\": {\"image\": 1, \"caption\": \"<a href=\\\"/iron-red-bottle/\\\"><h4>Iron Red Bottle</h4></a>\", \"attribution\": \"\"}, \"id\": \"815be7f5-b4fa-4742-a268-f98f264f17c4\"}]",
      "subtitle": "Gallery Page",
      "wagtail_admin_comments": []
    },
    "approved_go_live_at": null
  }
},
{
  "model": "wagtailcore.revision",
  "pk": 8,
  "fields": {
    "content_type": [
      "home",
      "gallerypage"
    ],
    "base_content_type": [
      "wagtailcore",
      "page"
    ],
    "object_id": "5",
    "created_at": "2024-06-23T19:29:35.426Z",
    "user": [
      "esse"
    ],
    "object_str": "Gallery",
    "content": {
      "pk": 5,
      "path": "000100010002",
      "depth": 3,
      "numchild": 0,
      "translation_key": "d071e698-bbe6-48aa-a3bc-b79f3f819330",
      "locale": 1,
      "latest_revision": 7,
      "live": true,
      "has_unpublished_changes": false,
      "first_published_at": "2024-06-22T21:21:58.653Z",
      "last_published_at": "2024-06-23T16:37:25.307Z",
      "live_revision": 7,
      "go_live_at": null,
      "expire_at": null,
      "expired": false,
      "locked": false,
      "locked_at": null,
      "locked_by": null,
      "title": "Gallery",
      "draft_title": "Gallery",
      "slug": "gallery",
      "content_type": 35,
      "url_path": "/home/gallery/",
      "owner": 1,
      "seo_title": "",
      "show_in_menus": false,
      "search_description": "",
      "latest_revision_created_at": "2024-06-23T16:37:25.290Z",
      "alias_of": null,
      "body": "[{\"type\": \"image_block\", \"value\": {\"image\": 1, \"caption\": \"<a href=\\\"/iron-red-bottle/\\\"><h4>Iron Red Bottle</h4></a>\", \"attribution\": \"\"}, \"id\": \"815be7f5-b4fa-4742-a268-f98f264f17c4\"}, {\"type\": \"image_block\", \"value\": {\"image\": 4, \"caption\": \"Djini bottle - NFS\", \"attribution\": \"\"}, \"id\": \"f7706d89-4554-437e-8114-9298261af2c4\"}, {\"type\": \"image_block\", \"value\": {\"image\": 10, \"caption\": \"\", \"attribution\": \"Ash Glaze Vase - NFS\"}, \"id\": \"09553cad-89f0-4f13-aa01-d5fe1fbfefc8\"}]",
      "subtitle": "Gallery Page",
      "wagtail_admin_comments": []
    },
    "approved_go_live_at": null
  }
},
{
  "model": "wagtailcore.revision",
  "pk": 9,
  "fields": {
    "content_type": [
      "home",
      "gallerypage"
    ],
    "base_content_type": [
      "wagtailcore",
      "page"
    ],
    "object_id": "5",
    "created_at": "2024-06-23T19:30:19.950Z",
    "user": [
      "esse"
    ],
    "object_str": "Gallery",
    "content": {
      "pk": 5,
      "path": "000100010002",
      "depth": 3,
      "numchild": 0,
      "translation_key": "d071e698-bbe6-48aa-a3bc-b79f3f819330",
      "locale": 1,
      "latest_revision": 8,
      "live": true,
      "has_unpublished_changes": false,
      "first_published_at": "2024-06-22T21:21:58.653Z",
      "last_published_at": "2024-06-23T19:29:35.447Z",
      "live_revision": 8,
      "go_live_at": null,
      "expire_at": null,
      "expired": false,
      "locked": false,
      "locked_at": null,
      "locked_by": null,
      "title": "Gallery",
      "draft_title": "Gallery",
      "slug": "gallery",
      "content_type": 35,
      "url_path": "/home/gallery/",
      "owner": 1,
      "seo_title": "",
      "show_in_menus": false,
      "search_description": "",
      "latest_revision_created_at": "2024-06-23T19:29:35.426Z",
      "alias_of": null,
      "body": "[{\"type\": \"image_block\", \"value\": {\"image\": 1, \"caption\": \"<a href=\\\"/iron-red-bottle/\\\"><h4 class='caption'>Iron Red Bottle</h4></a>\", \"attribution\": \"\"}, \"id\": \"815be7f5-b4fa-4742-a268-f98f264f17c4\"}, {\"type\": \"image_block\", \"value\": {\"image\": 4, \"caption\": \"Djini bottle - NFS\", \"attribution\": \"\"}, \"id\": \"f7706d89-4554-437e-8114-9298261af2c4\"}, {\"type\": \"image_block\", \"value\": {\"image\": 10, \"caption\": \"\", \"attribution\": \"Ash Glaze Vase - NFS\"}, \"id\": \"09553cad-89f0-4f13-aa01-d5fe1fbfefc8\"}]",
      "subtitle": "Gallery Page",
      "wagtail_admin_comments": []
    },
    "approved_go_live_at": null
  }
},
{
  "model": "wagtailcore.revision",
  "pk": 10,
  "fields": {
    "content_type": [
      "home",
      "gallerypage"
    ],
    "base_content_type": [
      "wagtailcore",
      "page"
    ],
    "object_id": "5",
    "created_at": "2024-06-23T19:30:44.151Z",
    "user": [
      "esse"
    ],
    "object_str": "Gallery",
    "content": {
      "pk": 5,
      "path": "000100010002",
      "depth": 3,
      "numchild": 0,
      "translation_key": "d071e698-bbe6-48aa-a3bc-b79f3f819330",
      "locale": 1,
      "latest_revision": 9,
      "live": true,
      "has_unpublished_changes": true,
      "first_published_at": "2024-06-22T21:21:58.653Z",
      "last_published_at": "2024-06-23T19:29:35.447Z",
      "live_revision": 8,
      "go_live_at": null,
      "expire_at": null,
      "expired": false,
      "locked": false,
      "locked_at": null,
      "locked_by": null,
      "title": "Gallery",
      "draft_title": "Gallery",
      "slug": "gallery",
      "content_type": 35,
      "url_path": "/home/gallery/",
      "owner": 1,
      "seo_title": "",
      "show_in_menus": false,
      "search_description": "",
      "latest_revision_created_at": "2024-06-23T19:30:19.950Z",
      "alias_of": null,
      "body": "[{\"type\": \"image_block\", \"value\": {\"image\": 1, \"caption\": \"<a href=\\\"/iron-red-bottle/\\\"><h4 class=\\\"caption\\\">Iron Red Bottle</h4></a>\", \"attribution\": \"\"}, \"id\": \"815be7f5-b4fa-4742-a268-f98f264f17c4\"}, {\"type\": \"image_block\", \"value\": {\"image\": 4, \"caption\": \"Djini bottle - NFS\", \"attribution\": \"\"}, \"id\": \"f7706d89-4554-437e-8114-9298261af2c4\"}, {\"type\": \"image_block\", \"value\": {\"image\": 10, \"caption\": \"\", \"attribution\": \"Ash Glaze Vase - NFS\"}, \"id\": \"09553cad-89f0-4f13-aa01-d5fe1fbfefc8\"}]",
      "subtitle": "Gallery Page",
      "wagtail_admin_comments": []
    },
    "approved_go_live_at": null
  }
},
{
  "model": "wagtailcore.revision",
  "pk": 11,
  "fields": {
    "content_type": [
      "home",
      "gallerypage"
    ],
    "base_content_type": [
      "wagtailcore",
      "page"
    ],
    "object_id": "5",
    "created_at": "2024-06-23T20:48:09.429Z",
    "user": [
      "esse"
    ],
    "object_str": "Gallery",
    "content": {
      "pk": 5,
      "path": "000100010002",
      "depth": 3,
      "numchild": 0,
      "translation_key": "d071e698-bbe6-48aa-a3bc-b79f3f819330",
      "locale": 1,
      "latest_revision": 10,
      "live": true,
      "has_unpublished_changes": false,
      "first_published_at": "2024-06-22T21:21:58.653Z",
      "last_published_at": "2024-06-23T19:30:44.167Z",
      "live_revision": 10,
      "go_live_at": null,
      "expire_at": null,
      "expired": false,
      "locked": false,
      "locked_at": null,
      "locked_by": null,
      "title": "Gallery",
      "draft_title": "Gallery",
      "slug": "gallery",
      "content_type": 35,
      "url_path": "/home/gallery/",
      "owner": 1,
      "seo_title": "",
      "show_in_menus": false,
      "search_description": "",
      "latest_revision_created_at": "2024-06-23T19:30:44.151Z",
      "alias_of": null,
      "body": "[{\"type\": \"image_block\", \"value\": {\"image\": 1, \"caption\": \"<a href=\\\"/iron-red-bottle/\\\"><h4 class=\\\"caption\\\">Iron Red Bottle</h4></a>\", \"attribution\": \"\"}, \"id\": \"815be7f5-b4fa-4742-a268-f98f264f17c4\"}, {\"type\": \"image_block\", \"value\": {\"image\": 4, \"caption\": \"Djini bottle - NFS\", \"attribution\": \"\"}, \"id\": \"f7706d89-4554-437e-8114-9298261af2c4\"}, {\"type\": \"image_block\", \"value\": {\"image\": 10, \"caption\": \"\", \"attribution\": \"Ash Glaze Vase - NFS\"}, \"id\": \"09553cad-89f0-4f13-aa01-d5fe1fbfefc8\"}, {\"type\": \"image_block\", \"value\": {\"image\": 11, \"caption\": \"<a href=\\\"/iron-red-bottle/\\\"><h4>Iron Red Bottle</h4></a>\", \"attribution\": \"\"}, \"id\": \"ffb383b1-44ef-4b1f-b72b-805e68b84bc4\"}]",
      "subtitle": "Gallery Page",
      "wagtail_admin_comments": []
    },
    "approved_go_live_at": null
  }
},
{
  "model": "wagtailcore.revision",
  "pk": 12,
  "fields": {
    "content_type": [
      "home",
      "gallerypage"
    ],
    "base_content_type": [
      "wagtailcore",
      "page"
    ],
    "object_id": "5",
    "created_at": "2024-06-23T20:48:44.295Z",
    "user": [
      "esse"
    ],
    "object_str": "Gallery",
    "content": {
      "pk": 5,
      "path": "000100010002",
      "depth": 3,
      "numchild": 0,
      "translation_key": "d071e698-bbe6-48aa-a3bc-b79f3f819330",
      "locale": 1,
      "latest_revision": 11,
      "live": true,
      "has_unpublished_changes": false,
      "first_published_at": "2024-06-22T21:21:58.653Z",
      "last_published_at": "2024-06-23T20:48:09.448Z",
      "live_revision": 11,
      "go_live_at": null,
      "expire_at": null,
      "expired": false,
      "locked": false,
      "locked_at": null,
      "locked_by": null,
      "title": "Gallery",
      "draft_title": "Gallery",
      "slug": "gallery",
      "content_type": 35,
      "url_path": "/home/gallery/",
      "owner": 1,
      "seo_title": "",
      "show_in_menus": false,
      "search_description": "",
      "latest_revision_created_at": "2024-06-23T20:48:09.429Z",
      "alias_of": null,
      "body": "[{\"type\": \"image_block\", \"value\": {\"image\": 1, \"caption\": \"<a href=\\\"/iron-red-bottle/\\\"><h4 class=\\\"caption\\\">Iron Red Bottle</h4></a>\", \"attribution\": \"\"}, \"id\": \"815be7f5-b4fa-4742-a268-f98f264f17c4\"}, {\"type\": \"image_block\", \"value\": {\"image\": 4, \"caption\": \"Djini bottle - NFS\", \"attribution\": \"\"}, \"id\": \"f7706d89-4554-437e-8114-9298261af2c4\"}, {\"type\": \"image_block\", \"value\": {\"image\": 10, \"caption\": \"\", \"attribution\": \"Ash Glaze Vase - NFS\"}, \"id\": \"09553cad-89f0-4f13-aa01-d5fe1fbfefc8\"}, {\"type\": \"image_block\", \"value\": {\"image\": 11, \"caption\": \"<a href=\\\"/iron-red-bottle/\\\"><h4>Iron Red Bottle</h4></a>\", \"attribution\": \"\"}, \"id\": \"ffb383b1-44ef-4b1f-b72b-805e68b84bc4\"}, {\"type\": \"image_block\", \"value\": {\"image\": 9, \"caption\": \"<a href=\\\"/iron-red-bottle/\\\"><h4>Iron Red Bottle</h4></a>\", \"attribution\": \"\"}, \"id\": \"12a9c0e4-b469-4ac9-9989-545b17a3d615\"}]",
      "subtitle": "Gallery Page",
      "wagtail_admin_comments": []
    },
    "approved_go_live_at": null
  }
},
{
  "model": "wagtailcore.revision",
  "pk": 13,
  "fields": {
    "content_type": [
      "home",
      "gallerypage"
    ],
    "base_content_type": [
      "wagtailcore",
      "page"
    ],
    "object_id": "5",
    "created_at": "2024-06-23T20:49:27.605Z",
    "user": [
      "esse"
    ],
    "object_str": "Gallery",
    "content": {
      "pk": 5,
      "path": "000100010002",
      "depth": 3,
      "numchild": 0,
      "translation_key": "d071e698-bbe6-48aa-a3bc-b79f3f819330",
      "locale": 1,
      "latest_revision": 12,
      "live": true,
      "has_unpublished_changes": false,
      "first_published_at": "2024-06-22T21:21:58.653Z",
      "last_published_at": "2024-06-23T20:48:44.311Z",
      "live_revision": 12,
      "go_live_at": null,
      "expire_at": null,
      "expired": false,
      "locked": false,
      "locked_at": null,
      "locked_by": null,
      "title": "Gallery",
      "draft_title": "Gallery",
      "slug": "gallery",
      "content_type": 35,
      "url_path": "/home/gallery/",
      "owner": 1,
      "seo_title": "",
      "show_in_menus": false,
      "search_description": "",
      "latest_revision_created_at": "2024-06-23T20:48:44.295Z",
      "alias_of": null,
      "body": "[{\"type\": \"image_block\", \"value\": {\"image\": 1, \"caption\": \"<a href=\\\"/iron-red-bottle/\\\"><h4 class=\\\"caption\\\">Iron Red Bottle</h4></a>\", \"attribution\": \"\"}, \"id\": \"815be7f5-b4fa-4742-a268-f98f264f17c4\"}, {\"type\": \"image_block\", \"value\": {\"image\": 4, \"caption\": \"Djini bottle - NFS\", \"attribution\": \"\"}, \"id\": \"f7706d89-4554-437e-8114-9298261af2c4\"}, {\"type\": \"image_block\", \"value\": {\"image\": 10, \"caption\": \"\", \"attribution\": \"Ash Glaze Vase - NFS\"}, \"id\": \"09553cad-89f0-4f13-aa01-d5fe1fbfefc8\"}, {\"type\": \"image_block\", \"value\": {\"image\": 11, \"caption\": \"<a href=\\\"/iron-red-bottle/\\\"><h4>Iron Red Bottle</h4></a>\", \"attribution\": \"\"}, \"id\": \"ffb383b1-44ef-4b1f-b72b-805e68b84bc4\"}, {\"type\": \"image_block\", \"value\": {\"image\": 9, \"caption\": \"<a href=\\\"/iron-red-bottle/\\\"><h4>Iron Red Bottle</h4></a>\", \"attribution\": \"\"}, \"id\": \"12a9c0e4-b469-4ac9-9989-545b17a3d615\"}, {\"type\": \"image_block\", \"value\": {\"image\": 6, \"caption\": \"<a href=\\\"/copper-red-bottle/\\\"><h4>Copper Red Bottle</h4></a>\", \"attribution\": \"\"}, \"id\": \"cd2d5c35-7fc1-45e2-9fcf-4bda6cff3bf0\"}]",
      "subtitle": "Gallery Page",
      "wagtail_admin_comments": []
    },
    "approved_go_live_at": null
  }
},
{
  "model": "wagtailcore.revision",
  "pk": 14,
  "fields": {
    "content_type": [
      "home",
      "gallerypage"
    ],
    "base_content_type": [
      "wagtailcore",
      "page"
    ],
    "object_id": "5",
    "created_at": "2024-06-23T20:49:50.866Z",
    "user": [
      "esse"
    ],
    "object_str": "Gallery",
    "content": {
      "pk": 5,
      "path": "000100010002",
      "depth": 3,
      "numchild": 0,
      "translation_key": "d071e698-bbe6-48aa-a3bc-b79f3f819330",
      "locale": 1,
      "latest_revision": 13,
      "live": true,
      "has_unpublished_changes": false,
      "first_published_at": "2024-06-22T21:21:58.653Z",
      "last_published_at": "2024-06-23T20:49:27.623Z",
      "live_revision": 13,
      "go_live_at": null,
      "expire_at": null,
      "expired": false,
      "locked": false,
      "locked_at": null,
      "locked_by": null,
      "title": "Gallery",
      "draft_title": "Gallery",
      "slug": "gallery",
      "content_type": 35,
      "url_path": "/home/gallery/",
      "owner": 1,
      "seo_title": "",
      "show_in_menus": false,
      "search_description": "",
      "latest_revision_created_at": "2024-06-23T20:49:27.605Z",
      "alias_of": null,
      "body": "[{\"type\": \"image_block\", \"value\": {\"image\": 1, \"caption\": \"<a href=\\\"/iron-red-bottle/\\\"><h4 class=\\\"caption\\\">Iron Red Bottle</h4></a>\", \"attribution\": \"\"}, \"id\": \"815be7f5-b4fa-4742-a268-f98f264f17c4\"}, {\"type\": \"image_block\", \"value\": {\"image\": 10, \"caption\": \"\", \"attribution\": \"Ash Glaze Vase - NFS\"}, \"id\": \"09553cad-89f0-4f13-aa01-d5fe1fbfefc8\"}, {\"type\": \"image_block\", \"value\": {\"image\": 4, \"caption\": \"Djini bottle - NFS\", \"attribution\": \"\"}, \"id\": \"f7706d89-4554-437e-8114-9298261af2c4\"}, {\"type\": \"image_block\", \"value\": {\"image\": 11, \"caption\": \"<a href=\\\"/iron-red-bottle/\\\"><h4>Iron Red Bottle</h4></a>\", \"attribution\": \"\"}, \"id\": \"ffb383b1-44ef-4b1f-b72b-805e68b84bc4\"}, {\"type\": \"image_block\", \"value\": {\"image\": 9, \"caption\": \"<a href=\\\"/iron-red-bottle/\\\"><h4>Iron Red Bottle</h4></a>\", \"attribution\": \"\"}, \"id\": \"12a9c0e4-b469-4ac9-9989-545b17a3d615\"}, {\"type\": \"image_block\", \"value\": {\"image\": 6, \"caption\": \"<a href=\\\"/copper-red-bottle/\\\"><h4>Copper Red Bottle</h4></a>\", \"attribution\": \"\"}, \"id\": \"cd2d5c35-7fc1-45e2-9fcf-4bda6cff3bf0\"}]",
      "subtitle": "Gallery Page",
      "wagtail_admin_comments": []
    },
    "approved_go_live_at": null
  }
},
{
  "model": "wagtailcore.revision",
  "pk": 15,
  "fields": {
    "content_type": [
      "home",
      "gallerypage"
    ],
    "base_content_type": [
      "wagtailcore",
      "page"
    ],
    "object_id": "5",
    "created_at": "2024-06-23T20:50:54.509Z",
    "user": [
      "esse"
    ],
    "object_str": "Gallery",
    "content": {
      "pk": 5,
      "path": "000100010002",
      "depth": 3,
      "numchild": 0,
      "translation_key": "d071e698-bbe6-48aa-a3bc-b79f3f819330",
      "locale": 1,
      "latest_revision": 14,
      "live": true,
      "has_unpublished_changes": false,
      "first_published_at": "2024-06-22T21:21:58.653Z",
      "last_published_at": "2024-06-23T20:49:50.877Z",
      "live_revision": 14,
      "go_live_at": null,
      "expire_at": null,
      "expired": false,
      "locked": false,
      "locked_at": null,
      "locked_by": null,
      "title": "Gallery",
      "draft_title": "Gallery",
      "slug": "gallery",
      "content_type": 35,
      "url_path": "/home/gallery/",
      "owner": 1,
      "seo_title": "",
      "show_in_menus": false,
      "search_description": "",
      "latest_revision_created_at": "2024-06-23T20:49:50.866Z",
      "alias_of": null,
      "body": "[{\"type\": \"image_block\", \"value\": {\"image\": 1, \"caption\": \"<a href=\\\"/iron-red-bottle/\\\"><h4 class=\\\"caption\\\">Iron Red Bottle</h4></a>\", \"attribution\": \"\"}, \"id\": \"815be7f5-b4fa-4742-a268-f98f264f17c4\"}, {\"type\": \"image_block\", \"value\": {\"image\": 10, \"caption\": \"\", \"attribution\": \"Ash Glaze Vase - NFS\"}, \"id\": \"09553cad-89f0-4f13-aa01-d5fe1fbfefc8\"}, {\"type\": \"image_block\", \"value\": {\"image\": 4, \"caption\": \"Djini bottle - NFS\", \"attribution\": \"\"}, \"id\": \"f7706d89-4554-437e-8114-9298261af2c4\"}, {\"type\": \"image_block\", \"value\": {\"image\": 11, \"caption\": \"<a href=\\\"/iron-red-bottle/\\\"><h4>Iron Red Bottle</h4></a>\", \"attribution\": \"\"}, \"id\": \"ffb383b1-44ef-4b1f-b72b-805e68b84bc4\"}, {\"type\": \"image_block\", \"value\": {\"image\": 9, \"caption\": \"<a href=\\\"/iron-oxide-jar/\\\"><h4>Iron Oxide and Celadon Incised Jar</h4></a>\", \"attribution\": \"\"}, \"id\": \"12a9c0e4-b469-4ac9-9989-545b17a3d615\"}, {\"type\": \"image_block\", \"value\": {\"image\": 6, \"caption\": \"<a href=\\\"/copper-red-bottle/\\\"><h4>Copper Red Bottle</h4></a>\", \"attribution\": \"\"}, \"id\": \"cd2d5c35-7fc1-45e2-9fcf-4bda6cff3bf0\"}]",
      "subtitle": "Gallery Page",
      "wagtail_admin_comments": []
    },
    "approved_go_live_at": null
  }
},
{
  "model": "wagtailcore.revision",
  "pk": 16,
  "fields": {
    "content_type": [
      "home",
      "gallerypage"
    ],
    "base_content_type": [
      "wagtailcore",
      "page"
    ],
    "object_id": "5",
    "created_at": "2024-06-23T20:50:59.660Z",
    "user": [
      "esse"
    ],
    "object_str": "Gallery",
    "content": {
      "pk": 5,
      "path": "000100010002",
      "depth": 3,
      "numchild": 0,
      "translation_key": "d071e698-bbe6-48aa-a3bc-b79f3f819330",
      "locale": 1,
      "latest_revision": 15,
      "live": true,
      "has_unpublished_changes": true,
      "first_published_at": "2024-06-22T21:21:58.653Z",
      "last_published_at": "2024-06-23T20:49:50.877Z",
      "live_revision": 14,
      "go_live_at": null,
      "expire_at": null,
      "expired": false,
      "locked": false,
      "locked_at": null,
      "locked_by": null,
      "title": "Gallery",
      "draft_title": "Gallery",
      "slug": "gallery",
      "content_type": 35,
      "url_path": "/home/gallery/",
      "owner": 1,
      "seo_title": "",
      "show_in_menus": false,
      "search_description": "",
      "latest_revision_created_at": "2024-06-23T20:50:54.509Z",
      "alias_of": null,
      "body": "[{\"type\": \"image_block\", \"value\": {\"image\": 1, \"caption\": \"<a href=\\\"/iron-red-bottle/\\\"><h4 class=\\\"caption\\\">Iron Red Bottle</h4></a>\", \"attribution\": \"\"}, \"id\": \"815be7f5-b4fa-4742-a268-f98f264f17c4\"}, {\"type\": \"image_block\", \"value\": {\"image\": 10, \"caption\": \"\", \"attribution\": \"Ash Glaze Vase - NFS\"}, \"id\": \"09553cad-89f0-4f13-aa01-d5fe1fbfefc8\"}, {\"type\": \"image_block\", \"value\": {\"image\": 4, \"caption\": \"Djini bottle - NFS\", \"attribution\": \"\"}, \"id\": \"f7706d89-4554-437e-8114-9298261af2c4\"}, {\"type\": \"image_block\", \"value\": {\"image\": 11, \"caption\": \"<a href=\\\"/iron-red-bottle/\\\"><h4>Iron Red Bottle</h4></a>\", \"attribution\": \"\"}, \"id\": \"ffb383b1-44ef-4b1f-b72b-805e68b84bc4\"}, {\"type\": \"image_block\", \"value\": {\"image\": 9, \"caption\": \"<a href=\\\"/iron-oxide-jar/\\\"><h4>Iron Oxide and Celadon Incised Jar</h4></a>\", \"attribution\": \"\"}, \"id\": \"12a9c0e4-b469-4ac9-9989-545b17a3d615\"}, {\"type\": \"image_block\", \"value\": {\"image\": 6, \"caption\": \"<a href=\\\"/copper-red-bottle/\\\"><h4>Copper Red Bottle</h4></a>\", \"attribution\": \"\"}, \"id\": \"cd2d5c35-7fc1-45e2-9fcf-4bda6cff3bf0\"}]",
      "subtitle": "Gallery Page",
      "wagtail_admin_comments": []
    },
    "approved_go_live_at": null
  }
},
{
  "model": "wagtailcore.revision",
  "pk": 17,
  "fields": {
    "content_type": [
      "home",
      "product"
    ],
    "base_content_type": [
      "wagtailcore",
      "page"
    ],
    "object_id": "6",
    "created_at": "2024-06-23T20:52:35.296Z",
    "user": [
      "esse"
    ],
    "object_str": "Iron Oxide Jar",
    "content": {
      "pk": 6,
      "path": "000100010003",
      "depth": 3,
      "numchild": 0,
      "translation_key": "e63e2e67-efa7-4f98-9c3c-6c3ea81455c4",
      "locale": 1,
      "latest_revision": null,
      "live": true,
      "has_unpublished_changes": false,
      "first_published_at": null,
      "last_published_at": null,
      "live_revision": null,
      "go_live_at": null,
      "expire_at": null,
      "expired": false,
      "locked": false,
      "locked_at": null,
      "locked_by": null,
      "title": "Iron Oxide Jar",
      "draft_title": "Iron Oxide Jar",
      "slug": "iron-oxide-jar",
      "content_type": 29,
      "url_path": "/home/iron-oxide-jar/",
      "owner": 1,
      "seo_title": "",
      "show_in_menus": false,
      "search_description": "",
      "latest_revision_created_at": null,
      "alias_of": null,
      "sku": "9776",
      "short_description": "Iron oxide and celadon incised jar with lid.",
      "price": "100",
      "image": 9,
      "wagtail_admin_comments": [],
      "custom_fields": [],
      "carousel_images": [],
      "categories": []
    },
    "approved_go_live_at": null
  }
},
{
  "model": "wagtailcore.revision",
  "pk": 18,
  "fields": {
    "content_type": [
      "home",
      "potterycategory"
    ],
    "base_content_type": [
      "home",
      "potterycategory"
    ],
    "object_id": "1",
    "created_at": "2024-06-23T20:53:08.407Z",
    "user": [
      "esse"
    ],
    "object_str": "Vases",
    "content": {
      "pk": 1,
      "latest_revision": null,
      "live": false,
      "has_unpublished_changes": false,
      "first_published_at": null,
      "last_published_at": null,
      "live_revision": null,
      "go_live_at": null,
      "expire_at": null,
      "expired": false,
      "name": "Vases",
      "image": 10
    },
    "approved_go_live_at": null
  }
},
{
  "model": "wagtailcore.revision",
  "pk": 19,
  "fields": {
    "content_type": [
      "home",
      "potterycategory"
    ],
    "base_content_type": [
      "home",
      "potterycategory"
    ],
    "object_id": "2",
    "created_at": "2024-06-23T20:53:22.744Z",
    "user": [
      "esse"
    ],
    "object_str": "Jars",
    "content": {
      "pk": 2,
      "latest_revision": null,
      "live": false,
      "has_unpublished_changes": false,
      "first_published_at": null,
      "last_published_at": null,
      "live_revision": null,
      "go_live_at": null,
      "expire_at": null,
      "expired": false,
      "name": "Jars",
      "image": 9
    },
    "approved_go_live_at": null
  }
},
{
  "model": "wagtailcore.revision",
  "pk": 20,
  "fields": {
    "content_type": [
      "home",
      "potterycategory"
    ],
    "base_content_type": [
      "home",
      "potterycategory"
    ],
    "object_id": "3",
    "created_at": "2024-06-23T20:53:36.172Z",
    "user": [
      "esse"
    ],
    "object_str": "Cups",
    "content": {
      "pk": 3,
      "latest_revision": null,
      "live": false,
      "has_unpublished_changes": false,
      "first_published_at": null,
      "last_published_at": null,
      "live_revision": null,
      "go_live_at": null,
      "expire_at": null,
      "expired": false,
      "name": "Cups",
      "image": 5
    },
    "approved_go_live_at": null
  }
},
{
  "model": "wagtailcore.revision",
  "pk": 21,
  "fields": {
    "content_type": [
      "home",
      "potterycategory"
    ],
    "base_content_type": [
      "home",
      "potterycategory"
    ],
    "object_id": "4",
    "created_at": "2024-06-23T20:53:57.561Z",
    "user": [
      "esse"
    ],
    "object_str": "Bowls",
    "content": {
      "pk": 4,
      "latest_revision": null,
      "live": false,
      "has_unpublished_changes": false,
      "first_published_at": null,
      "last_published_at": null,
      "live_revision": null,
      "go_live_at": null,
      "expire_at": null,
      "expired": false,
      "name": "Bowls",
      "image": 12
    },
    "approved_go_live_at": null
  }
},
{
  "model": "wagtailcore.revision",
  "pk": 22,
  "fields": {
    "content_type": [
      "home",
      "product"
    ],
    "base_content_type": [
      "wagtailcore",
      "page"
    ],
    "object_id": "7",
    "created_at": "2024-06-23T20:54:59.723Z",
    "user": [
      "esse"
    ],
    "object_str": "Copper Red Bottle",
    "content": {
      "pk": 7,
      "path": "000100010004",
      "depth": 3,
      "numchild": 0,
      "translation_key": "c0de4e3d-30bb-4868-bd4b-6cf88fcce5db",
      "locale": 1,
      "latest_revision": null,
      "live": true,
      "has_unpublished_changes": false,
      "first_published_at": null,
      "last_published_at": null,
      "live_revision": null,
      "go_live_at": null,
      "expire_at": null,
      "expired": false,
      "locked": false,
      "locked_at": null,
      "locked_by": null,
      "title": "Copper Red Bottle",
      "draft_title": "Copper Red Bottle",
      "slug": "copper-red-bottle",
      "content_type": 29,
      "url_path": "/home/copper-red-bottle/",
      "owner": 1,
      "seo_title": "",
      "show_in_menus": false,
      "search_description": "",
      "latest_revision_created_at": null,
      "alias_of": null,
      "sku": "5643",
      "short_description": "",
      "price": "100",
      "image": 6,
      "wagtail_admin_comments": [],
      "custom_fields": [],
      "carousel_images": [],
      "categories": []
    },
    "approved_go_live_at": null
  }
},
{
  "model": "wagtailcore.revision",
  "pk": 23,
  "fields": {
    "content_type": [
      "home",
      "product"
    ],
    "base_content_type": [
      "wagtailcore",
      "page"
    ],
    "object_id": "8",
    "created_at": "2024-06-23T22:10:34.192Z",
    "user": [
      "esse"
    ],
    "object_str": "Shino Hourglass Cup",
    "content": {
      "pk": 8,
      "path": "000100010005",
      "depth": 3,
      "numchild": 0,
      "translation_key": "cdddd0a9-ad7f-4524-b987-c7d523b39801",
      "locale": 1,
      "latest_revision": null,
      "live": true,
      "has_unpublished_changes": false,
      "first_published_at": null,
      "last_published_at": null,
      "live_revision": null,
      "go_live_at": null,
      "expire_at": null,
      "expired": false,
      "locked": false,
      "locked_at": null,
      "locked_by": null,
      "title": "Shino Hourglass Cup",
      "draft_title": "Shino Hourglass Cup",
      "slug": "shino-hourglass-cup",
      "content_type": 29,
      "url_path": "/home/shino-hourglass-cup/",
      "owner": 1,
      "seo_title": "",
      "show_in_menus": false,
      "search_description": "",
      "latest_revision_created_at": null,
      "alias_of": null,
      "sku": "5643",
      "short_description": "Shino-glazed hourglass cup",
      "price": "50.00",
      "image": 5,
      "wagtail_admin_comments": [],
      "custom_fields": [],
      "carousel_images": [],
      "categories": [
        3
      ]
    },
    "approved_go_live_at": null
  }
},
{
  "model": "wagtailcore.revision",
  "pk": 24,
  "fields": {
    "content_type": [
      "home",
      "gallerypage"
    ],
    "base_content_type": [
      "wagtailcore",
      "page"
    ],
    "object_id": "5",
    "created_at": "2024-06-23T22:11:52.348Z",
    "user": [
      "esse"
    ],
    "object_str": "Gallery",
    "content": {
      "pk": 5,
      "path": "000100010002",
      "depth": 3,
      "numchild": 0,
      "translation_key": "d071e698-bbe6-48aa-a3bc-b79f3f819330",
      "locale": 1,
      "latest_revision": 16,
      "live": true,
      "has_unpublished_changes": false,
      "first_published_at": "2024-06-22T21:21:58.653Z",
      "last_published_at": "2024-06-23T20:50:59.677Z",
      "live_revision": 16,
      "go_live_at": null,
      "expire_at": null,
      "expired": false,
      "locked": false,
      "locked_at": null,
      "locked_by": null,
      "title": "Gallery",
      "draft_title": "Gallery",
      "slug": "gallery",
      "content_type": 35,
      "url_path": "/home/gallery/",
      "owner": 1,
      "seo_title": "",
      "show_in_menus": false,
      "search_description": "",
      "latest_revision_created_at": "2024-06-23T20:50:59.660Z",
      "alias_of": null,
      "body": "[{\"type\": \"image_block\", \"value\": {\"image\": 1, \"caption\": \"<a href=\\\"/iron-red-bottle/\\\"><h4 class=\\\"caption\\\">Iron Red Bottle</h4></a>\", \"attribution\": \"\"}, \"id\": \"815be7f5-b4fa-4742-a268-f98f264f17c4\"}, {\"type\": \"image_block\", \"value\": {\"image\": 10, \"caption\": \"\", \"attribution\": \"Ash Glaze Vase - NFS\"}, \"id\": \"09553cad-89f0-4f13-aa01-d5fe1fbfefc8\"}, {\"type\": \"image_block\", \"value\": {\"image\": 4, \"caption\": \"Djini bottle - NFS\", \"attribution\": \"\"}, \"id\": \"f7706d89-4554-437e-8114-9298261af2c4\"}, {\"type\": \"image_block\", \"value\": {\"image\": 11, \"caption\": \"<a href=\\\"/iron-red-bottle/\\\"><h4>Iron Red Bottle</h4></a>\", \"attribution\": \"\"}, \"id\": \"ffb383b1-44ef-4b1f-b72b-805e68b84bc4\"}, {\"type\": \"image_block\", \"value\": {\"image\": 9, \"caption\": \"<a href=\\\"/iron-oxide-jar/\\\"><h4>Iron Oxide and Celadon Incised Jar</h4></a>\", \"attribution\": \"\"}, \"id\": \"12a9c0e4-b469-4ac9-9989-545b17a3d615\"}, {\"type\": \"image_block\", \"value\": {\"image\": 6, \"caption\": \"<a href=\\\"/copper-red-bottle/\\\"><h4>Copper Red Bottle</h4></a>\", \"attribution\": \"\"}, \"id\": \"cd2d5c35-7fc1-45e2-9fcf-4bda6cff3bf0\"}, {\"type\": \"image_block\", \"value\": {\"image\": 5, \"caption\": \"<a href=\\\"/shino-hourglass-cup/\\\"><h4>Shino Hourglass Cup</h4></a>\", \"attribution\": \"\"}, \"id\": \"253407c6-28a0-4c86-8b48-a195ba4e7942\"}]",
      "subtitle": "Gallery Page",
      "wagtail_admin_comments": []
    },
    "approved_go_live_at": null
  }
},
{
  "model": "wagtailcore.revision",
  "pk": 25,
  "fields": {
    "content_type": [
      "home",
      "gallerypage"
    ],
    "base_content_type": [
      "wagtailcore",
      "page"
    ],
    "object_id": "5",
    "created_at": "2024-06-23T22:13:09.617Z",
    "user": [
      "esse"
    ],
    "object_str": "Gallery",
    "content": {
      "pk": 5,
      "path": "000100010002",
      "depth": 3,
      "numchild": 0,
      "translation_key": "d071e698-bbe6-48aa-a3bc-b79f3f819330",
      "locale": 1,
      "latest_revision": 24,
      "live": true,
      "has_unpublished_changes": false,
      "first_published_at": "2024-06-22T21:21:58.653Z",
      "last_published_at": "2024-06-23T22:11:52.365Z",
      "live_revision": 24,
      "go_live_at": null,
      "expire_at": null,
      "expired": false,
      "locked": false,
      "locked_at": null,
      "locked_by": null,
      "title": "Gallery",
      "draft_title": "Gallery",
      "slug": "gallery",
      "content_type": 35,
      "url_path": "/home/gallery/",
      "owner": 1,
      "seo_title": "",
      "show_in_menus": false,
      "search_description": "",
      "latest_revision_created_at": "2024-06-23T22:11:52.348Z",
      "alias_of": null,
      "body": "[{\"type\": \"image_block\", \"value\": {\"image\": 1, \"caption\": \"<a href=\\\"/iron-red-bottle/\\\"><h4 class=\\\"caption\\\">Iron Red Bottle</h4></a>\", \"attribution\": \"\"}, \"id\": \"815be7f5-b4fa-4742-a268-f98f264f17c4\"}, {\"type\": \"image_block\", \"value\": {\"image\": 10, \"caption\": \"\", \"attribution\": \"Ash Glaze Vase - NFS\"}, \"id\": \"09553cad-89f0-4f13-aa01-d5fe1fbfefc8\"}, {\"type\": \"image_block\", \"value\": {\"image\": 4, \"caption\": \"Djini bottle - NFS\", \"attribution\": \"\"}, \"id\": \"f7706d89-4554-437e-8114-9298261af2c4\"}, {\"type\": \"image_block\", \"value\": {\"image\": 11, \"caption\": \"<a href=\\\"/iron-red-bottle/\\\"><h4>White Dr Seuss Bottle</h4></a>\", \"attribution\": \"\"}, \"id\": \"ffb383b1-44ef-4b1f-b72b-805e68b84bc4\"}, {\"type\": \"image_block\", \"value\": {\"image\": 9, \"caption\": \"<a href=\\\"/iron-oxide-jar/\\\"><h4>Iron Oxide and Celadon Incised Jar</h4></a>\", \"attribution\": \"\"}, \"id\": \"12a9c0e4-b469-4ac9-9989-545b17a3d615\"}, {\"type\": \"image_block\", \"value\": {\"image\": 6, \"caption\": \"<a href=\\\"/copper-red-bottle/\\\"><h4>Copper Red Bottle</h4></a>\", \"attribution\": \"\"}, \"id\": \"cd2d5c35-7fc1-45e2-9fcf-4bda6cff3bf0\"}, {\"type\": \"image_block\", \"value\": {\"image\": 5, \"caption\": \"<a href=\\\"/shino-hourglass-cup/\\\"><h4>Shino Hourglass Cup</h4></a>\", \"attribution\": \"\"}, \"id\": \"253407c6-28a0-4c86-8b48-a195ba4e7942\"}]",
      "subtitle": "Gallery Page",
      "wagtail_admin_comments": []
    },
    "approved_go_live_at": null
  }
},
{
  "model": "wagtailcore.revision",
  "pk": 26,
  "fields": {
    "content_type": [
      "home",
      "gallerypage"
    ],
    "base_content_type": [
      "wagtailcore",
      "page"
    ],
    "object_id": "5",
    "created_at": "2024-06-23T22:58:46.631Z",
    "user": [
      "esse"
    ],
    "object_str": "Gallery",
    "content": {
      "pk": 5,
      "path": "000100010002",
      "depth": 3,
      "numchild": 0,
      "translation_key": "d071e698-bbe6-48aa-a3bc-b79f3f819330",
      "locale": 1,
      "latest_revision": 25,
      "live": true,
      "has_unpublished_changes": false,
      "first_published_at": "2024-06-22T21:21:58.653Z",
      "last_published_at": "2024-06-23T22:13:09.636Z",
      "live_revision": 25,
      "go_live_at": null,
      "expire_at": null,
      "expired": false,
      "locked": false,
      "locked_at": null,
      "locked_by": null,
      "title": "Gallery",
      "draft_title": "Gallery",
      "slug": "gallery",
      "content_type": 35,
      "url_path": "/home/gallery/",
      "owner": 1,
      "seo_title": "",
      "show_in_menus": false,
      "search_description": "",
      "latest_revision_created_at": "2024-06-23T22:13:09.617Z",
      "alias_of": null,
      "body": "[{\"type\": \"image_block\", \"value\": {\"image\": 1, \"caption\": \"<a href=\\\"/iron-red-bottle/\\\"><h4 class=\\\"caption\\\">Iron Red Bottle</h4></a>\", \"attribution\": \"\"}, \"id\": \"815be7f5-b4fa-4742-a268-f98f264f17c4\"}, {\"type\": \"image_block\", \"value\": {\"image\": 10, \"caption\": \"\", \"attribution\": \"<h4 class=\\\"caption\\\">Ash Glaze Vase - NFS<h4>\"}, \"id\": \"09553cad-89f0-4f13-aa01-d5fe1fbfefc8\"}, {\"type\": \"image_block\", \"value\": {\"image\": 4, \"caption\": \"Djini bottle - NFS\", \"attribution\": \"\"}, \"id\": \"f7706d89-4554-437e-8114-9298261af2c4\"}, {\"type\": \"image_block\", \"value\": {\"image\": 11, \"caption\": \"<a href=\\\"/iron-red-bottle/\\\"><h4>White Dr Seuss Bottle</h4></a>\", \"attribution\": \"\"}, \"id\": \"ffb383b1-44ef-4b1f-b72b-805e68b84bc4\"}, {\"type\": \"image_block\", \"value\": {\"image\": 9, \"caption\": \"<a href=\\\"/iron-oxide-jar/\\\"><h4>Iron Oxide and Celadon Incised Jar</h4></a>\", \"attribution\": \"\"}, \"id\": \"12a9c0e4-b469-4ac9-9989-545b17a3d615\"}, {\"type\": \"image_block\", \"value\": {\"image\": 6, \"caption\": \"<a href=\\\"/copper-red-bottle/\\\"><h4>Copper Red Bottle</h4></a>\", \"attribution\": \"\"}, \"id\": \"cd2d5c35-7fc1-45e2-9fcf-4bda6cff3bf0\"}, {\"type\": \"image_block\", \"value\": {\"image\": 5, \"caption\": \"<a href=\\\"/shino-hourglass-cup/\\\"><h4>Shino Hourglass Cup</h4></a>\", \"attribution\": \"\"}, \"id\": \"253407c6-28a0-4c86-8b48-a195ba4e7942\"}, {\"type\": \"image_block\", \"value\": {\"image\": 13, \"caption\": \"<a href=\\\"/shino-hourglass-cup/\\\"><h4 class=\\\"caption\\\">Shino gas can teapot</h4></a>\", \"attribution\": \"\"}, \"id\": \"2a120322-10ba-4778-b1f7-078e57477c1f\"}]",
      "subtitle": "Gallery Page",
      "wagtail_admin_comments": []
    },
    "approved_go_live_at": null
  }
},
{
  "model": "wagtailcore.revision",
  "pk": 27,
  "fields": {
    "content_type": [
      "home",
      "gallerypage"
    ],
    "base_content_type": [
      "wagtailcore",
      "page"
    ],
    "object_id": "5",
    "created_at": "2024-06-23T23:00:01.708Z",
    "user": [
      "esse"
    ],
    "object_str": "Gallery",
    "content": {
      "pk": 5,
      "path": "000100010002",
      "depth": 3,
      "numchild": 0,
      "translation_key": "d071e698-bbe6-48aa-a3bc-b79f3f819330",
      "locale": 1,
      "latest_revision": 26,
      "live": true,
      "has_unpublished_changes": false,
      "first_published_at": "2024-06-22T21:21:58.653Z",
      "last_published_at": "2024-06-23T22:58:46.649Z",
      "live_revision": 26,
      "go_live_at": null,
      "expire_at": null,
      "expired": false,
      "locked": false,
      "locked_at": null,
      "locked_by": null,
      "title": "Gallery",
      "draft_title": "Gallery",
      "slug": "gallery",
      "content_type": 35,
      "url_path": "/home/gallery/",
      "owner": 1,
      "seo_title": "",
      "show_in_menus": false,
      "search_description": "",
      "latest_revision_created_at": "2024-06-23T22:58:46.631Z",
      "alias_of": null,
      "body": "[{\"type\": \"image_block\", \"value\": {\"image\": 1, \"caption\": \"<a href=\\\"/iron-red-bottle/\\\"><h4 class=\\\"caption\\\">Iron Red Bottle</h4></a>\", \"attribution\": \"\"}, \"id\": \"815be7f5-b4fa-4742-a268-f98f264f17c4\"}, {\"type\": \"image_block\", \"value\": {\"image\": 10, \"caption\": \"\", \"attribution\": \"<h4 class=\\\"caption\\\">Ash Glaze Vase - NFS<h4>\"}, \"id\": \"09553cad-89f0-4f13-aa01-d5fe1fbfefc8\"}, {\"type\": \"image_block\", \"value\": {\"image\": 4, \"caption\": \"<h4 class=\\\"caption\\\">Djini bottle - NFS<h4>\", \"attribution\": \"\"}, \"id\": \"f7706d89-4554-437e-8114-9298261af2c4\"}, {\"type\": \"image_block\", \"value\": {\"image\": 11, \"caption\": \"<a href=\\\"/iron-red-bottle/\\\"><h4 class=\\\"caption\\\">White Dr Seuss Bottle</h4></a>\", \"attribution\": \"\"}, \"id\": \"ffb383b1-44ef-4b1f-b72b-805e68b84bc4\"}, {\"type\": \"image_block\", \"value\": {\"image\": 9, \"caption\": \"<a href=\\\"/iron-oxide-jar/\\\"><h4 class=\\\"caption\\\">Iron Oxide and Celadon Incised Jar</h4></a>\", \"attribution\": \"\"}, \"id\": \"12a9c0e4-b469-4ac9-9989-545b17a3d615\"}, {\"type\": \"image_block\", \"value\": {\"image\": 6, \"caption\": \"<a href=\\\"/copper-red-bottle/\\\"><h4 class=\\\"caption\\\">Copper Red Bottle</h4></a>\", \"attribution\": \"\"}, \"id\": \"cd2d5c35-7fc1-45e2-9fcf-4bda6cff3bf0\"}, {\"type\": \"image_block\", \"value\": {\"image\": 5, \"caption\": \"<a href=\\\"/shino-hourglass-cup/\\\"><h4 class=\\\"caption\\\">Shino Hourglass Cup</h4></a>\", \"attribution\": \"\"}, \"id\": \"253407c6-28a0-4c86-8b48-a195ba4e7942\"}, {\"type\": \"image_block\", \"value\": {\"image\": 13, \"caption\": \"<a href=\\\"/shino-hourglass-cup/\\\"><h4 class=\\\"caption\\\">Shino gas can teapot</h4></a>\", \"attribution\": \"\"}, \"id\": \"2a120322-10ba-4778-b1f7-078e57477c1f\"}]",
      "subtitle": "Gallery Page",
      "wagtail_admin_comments": []
    },
    "approved_go_live_at": null
  }
},
{
  "model": "wagtailcore.revision",
  "pk": 28,
  "fields": {
    "content_type": [
      "home",
      "gallerypage"
    ],
    "base_content_type": [
      "wagtailcore",
      "page"
    ],
    "object_id": "5",
    "created_at": "2024-06-23T23:00:51.400Z",
    "user": [
      "esse"
    ],
    "object_str": "Gallery",
    "content": {
      "pk": 5,
      "path": "000100010002",
      "depth": 3,
      "numchild": 0,
      "translation_key": "d071e698-bbe6-48aa-a3bc-b79f3f819330",
      "locale": 1,
      "latest_revision": 27,
      "live": true,
      "has_unpublished_changes": false,
      "first_published_at": "2024-06-22T21:21:58.653Z",
      "last_published_at": "2024-06-23T23:00:01.725Z",
      "live_revision": 27,
      "go_live_at": null,
      "expire_at": null,
      "expired": false,
      "locked": false,
      "locked_at": null,
      "locked_by": null,
      "title": "Gallery",
      "draft_title": "Gallery",
      "slug": "gallery",
      "content_type": 35,
      "url_path": "/home/gallery/",
      "owner": 1,
      "seo_title": "",
      "show_in_menus": false,
      "search_description": "",
      "latest_revision_created_at": "2024-06-23T23:00:01.708Z",
      "alias_of": null,
      "body": "[{\"type\": \"image_block\", \"value\": {\"image\": 1, \"caption\": \"<a href=\\\"/iron-red-bottle/\\\"><h4 class=\\\"caption\\\">Iron Red Bottle</h4></a>\", \"attribution\": \"\"}, \"id\": \"815be7f5-b4fa-4742-a268-f98f264f17c4\"}, {\"type\": \"image_block\", \"value\": {\"image\": 10, \"caption\": \"\", \"attribution\": \"<h4 class=\\\"caption\\\">Ash Glaze Vase - NFS</h4>\"}, \"id\": \"09553cad-89f0-4f13-aa01-d5fe1fbfefc8\"}, {\"type\": \"image_block\", \"value\": {\"image\": 4, \"caption\": \"<h4 class=\\\"caption\\\">Djini bottle - NFS<h4>\", \"attribution\": \"\"}, \"id\": \"f7706d89-4554-437e-8114-9298261af2c4\"}, {\"type\": \"image_block\", \"value\": {\"image\": 11, \"caption\": \"<a href=\\\"/iron-red-bottle/\\\"><h4 class=\\\"caption\\\">White Dr Seuss Bottle</h4></a>\", \"attribution\": \"\"}, \"id\": \"ffb383b1-44ef-4b1f-b72b-805e68b84bc4\"}, {\"type\": \"image_block\", \"value\": {\"image\": 9, \"caption\": \"<a href=\\\"/iron-oxide-jar/\\\"><h4 class=\\\"caption\\\">Iron Oxide and Celadon Incised Jar</h4></a>\", \"attribution\": \"\"}, \"id\": \"12a9c0e4-b469-4ac9-9989-545b17a3d615\"}, {\"type\": \"image_block\", \"value\": {\"image\": 6, \"caption\": \"<a href=\\\"/copper-red-bottle/\\\"><h4 class=\\\"caption\\\">Copper Red Bottle</h4></a>\", \"attribution\": \"\"}, \"id\": \"cd2d5c35-7fc1-45e2-9fcf-4bda6cff3bf0\"}, {\"type\": \"image_block\", \"value\": {\"image\": 5, \"caption\": \"<a href=\\\"/shino-hourglass-cup/\\\"><h4 class=\\\"caption\\\">Shino Hourglass Cup</h4></a>\", \"attribution\": \"\"}, \"id\": \"253407c6-28a0-4c86-8b48-a195ba4e7942\"}, {\"type\": \"image_block\", \"value\": {\"image\": 13, \"caption\": \"<a href=\\\"/shino-hourglass-cup/\\\"><h4 class=\\\"caption\\\">Shino gas can teapot</h4></a>\", \"attribution\": \"\"}, \"id\": \"2a120322-10ba-4778-b1f7-078e57477c1f\"}]",
      "subtitle": "Gallery Page",
      "wagtail_admin_comments": []
    },
    "approved_go_live_at": null
  }
},
{
  "model": "wagtailcore.revision",
  "pk": 29,
  "fields": {
    "content_type": [
      "home",
      "gallerypage"
    ],
    "base_content_type": [
      "wagtailcore",
      "page"
    ],
    "object_id": "5",
    "created_at": "2024-06-23T23:01:39.722Z",
    "user": [
      "esse"
    ],
    "object_str": "Gallery",
    "content": {
      "pk": 5,
      "path": "000100010002",
      "depth": 3,
      "numchild": 0,
      "translation_key": "d071e698-bbe6-48aa-a3bc-b79f3f819330",
      "locale": 1,
      "latest_revision": 28,
      "live": true,
      "has_unpublished_changes": false,
      "first_published_at": "2024-06-22T21:21:58.653Z",
      "last_published_at": "2024-06-23T23:00:51.417Z",
      "live_revision": 28,
      "go_live_at": null,
      "expire_at": null,
      "expired": false,
      "locked": false,
      "locked_at": null,
      "locked_by": null,
      "title": "Gallery",
      "draft_title": "Gallery",
      "slug": "gallery",
      "content_type": 35,
      "url_path": "/home/gallery/",
      "owner": 1,
      "seo_title": "",
      "show_in_menus": false,
      "search_description": "",
      "latest_revision_created_at": "2024-06-23T23:00:51.400Z",
      "alias_of": null,
      "body": "[{\"type\": \"image_block\", \"value\": {\"image\": 1, \"caption\": \"<a href=\\\"/iron-red-bottle/\\\"><h4 class=\\\"caption\\\">Iron Red Bottle</h4></a>\", \"attribution\": \"\"}, \"id\": \"815be7f5-b4fa-4742-a268-f98f264f17c4\"}, {\"type\": \"image_block\", \"value\": {\"image\": 10, \"caption\": \"\", \"attribution\": \"Ash Glaze Vase - NFS\"}, \"id\": \"09553cad-89f0-4f13-aa01-d5fe1fbfefc8\"}, {\"type\": \"image_block\", \"value\": {\"image\": 4, \"caption\": \"<h4 class=\\\"caption\\\">Djini bottle - NFS<h4>\", \"attribution\": \"\"}, \"id\": \"f7706d89-4554-437e-8114-9298261af2c4\"}, {\"type\": \"image_block\", \"value\": {\"image\": 11, \"caption\": \"<a href=\\\"/iron-red-bottle/\\\"><h4 class=\\\"caption\\\">White Dr Seuss Bottle</h4></a>\", \"attribution\": \"\"}, \"id\": \"ffb383b1-44ef-4b1f-b72b-805e68b84bc4\"}, {\"type\": \"image_block\", \"value\": {\"image\": 9, \"caption\": \"<a href=\\\"/iron-oxide-jar/\\\"><h4 class=\\\"caption\\\">Iron Oxide and Celadon Incised Jar</h4></a>\", \"attribution\": \"\"}, \"id\": \"12a9c0e4-b469-4ac9-9989-545b17a3d615\"}, {\"type\": \"image_block\", \"value\": {\"image\": 6, \"caption\": \"<a href=\\\"/copper-red-bottle/\\\"><h4 class=\\\"caption\\\">Copper Red Bottle</h4></a>\", \"attribution\": \"\"}, \"id\": \"cd2d5c35-7fc1-45e2-9fcf-4bda6cff3bf0\"}, {\"type\": \"image_block\", \"value\": {\"image\": 5, \"caption\": \"<a href=\\\"/shino-hourglass-cup/\\\"><h4 class=\\\"caption\\\">Shino Hourglass Cup</h4></a>\", \"attribution\": \"\"}, \"id\": \"253407c6-28a0-4c86-8b48-a195ba4e7942\"}, {\"type\": \"image_block\", \"value\": {\"image\": 13, \"caption\": \"<a href=\\\"/shino-hourglass-cup/\\\"><h4 class=\\\"caption\\\">Shino gas can teapot</h4></a>\", \"attribution\": \"\"}, \"id\": \"2a120322-10ba-4778-b1f7-078e57477c1f\"}]",
      "subtitle": "Gallery Page",
      "wagtail_admin_comments": []
    },
    "approved_go_live_at": null
  }
},
{
  "model": "wagtailcore.revision",
  "pk": 30,
  "fields": {
    "content_type": [
      "home",
      "gallerypage"
    ],
    "base_content_type": [
      "wagtailcore",
      "page"
    ],
    "object_id": "5",
    "created_at": "2024-06-23T23:02:51.770Z",
    "user": [
      "esse"
    ],
    "object_str": "Gallery",
    "content": {
      "pk": 5,
      "path": "000100010002",
      "depth": 3,
      "numchild": 0,
      "translation_key": "d071e698-bbe6-48aa-a3bc-b79f3f819330",
      "locale": 1,
      "latest_revision": 29,
      "live": true,
      "has_unpublished_changes": false,
      "first_published_at": "2024-06-22T21:21:58.653Z",
      "last_published_at": "2024-06-23T23:01:39.740Z",
      "live_revision": 29,
      "go_live_at": null,
      "expire_at": null,
      "expired": false,
      "locked": false,
      "locked_at": null,
      "locked_by": null,
      "title": "Gallery",
      "draft_title": "Gallery",
      "slug": "gallery",
      "content_type": 35,
      "url_path": "/home/gallery/",
      "owner": 1,
      "seo_title": "",
      "show_in_menus": false,
      "search_description": "",
      "latest_revision_created_at": "2024-06-23T23:01:39.722Z",
      "alias_of": null,
      "body": "[{\"type\": \"image_block\", \"value\": {\"image\": 1, \"caption\": \"<a href=\\\"/iron-red-bottle/\\\"><h4 class=\\\"caption\\\">Iron Red Bottle</h4></a>\", \"attribution\": \"\"}, \"id\": \"815be7f5-b4fa-4742-a268-f98f264f17c4\"}, {\"type\": \"image_block\", \"value\": {\"image\": 10, \"caption\": \"\", \"attribution\": \"<h4 class=\\\"caption\\\">Wood Fire Vase - NFS<h4>\"}, \"id\": \"09553cad-89f0-4f13-aa01-d5fe1fbfefc8\"}, {\"type\": \"image_block\", \"value\": {\"image\": 4, \"caption\": \"<h4 class=\\\"caption\\\">Djini bottle - NFS<h4>\", \"attribution\": \"\"}, \"id\": \"f7706d89-4554-437e-8114-9298261af2c4\"}, {\"type\": \"image_block\", \"value\": {\"image\": 11, \"caption\": \"<a href=\\\"/iron-red-bottle/\\\"><h4 class=\\\"caption\\\">White Dr Seuss Bottle</h4></a>\", \"attribution\": \"\"}, \"id\": \"ffb383b1-44ef-4b1f-b72b-805e68b84bc4\"}, {\"type\": \"image_block\", \"value\": {\"image\": 9, \"caption\": \"<a href=\\\"/iron-oxide-jar/\\\"><h4 class=\\\"caption\\\">Iron Oxide and Celadon Incised Jar</h4></a>\", \"attribution\": \"\"}, \"id\": \"12a9c0e4-b469-4ac9-9989-545b17a3d615\"}, {\"type\": \"image_block\", \"value\": {\"image\": 6, \"caption\": \"<a href=\\\"/copper-red-bottle/\\\"><h4 class=\\\"caption\\\">Copper Red Bottle</h4></a>\", \"attribution\": \"\"}, \"id\": \"cd2d5c35-7fc1-45e2-9fcf-4bda6cff3bf0\"}, {\"type\": \"image_block\", \"value\": {\"image\": 5, \"caption\": \"<a href=\\\"/shino-hourglass-cup/\\\"><h4 class=\\\"caption\\\">Shino Hourglass Cup</h4></a>\", \"attribution\": \"\"}, \"id\": \"253407c6-28a0-4c86-8b48-a195ba4e7942\"}, {\"type\": \"image_block\", \"value\": {\"image\": 13, \"caption\": \"<a href=\\\"/shino-hourglass-cup/\\\"><h4 class=\\\"caption\\\">Shino gas can teapot</h4></a>\", \"attribution\": \"\"}, \"id\": \"2a120322-10ba-4778-b1f7-078e57477c1f\"}]",
      "subtitle": "Gallery Page",
      "wagtail_admin_comments": []
    },
    "approved_go_live_at": null
  }
},
{
  "model": "wagtailcore.revision",
  "pk": 31,
  "fields": {
    "content_type": [
      "home",
      "gallerypage"
    ],
    "base_content_type": [
      "wagtailcore",
      "page"
    ],
    "object_id": "5",
    "created_at": "2024-06-23T23:04:22.783Z",
    "user": [
      "esse"
    ],
    "object_str": "Gallery",
    "content": {
      "pk": 5,
      "path": "000100010002",
      "depth": 3,
      "numchild": 0,
      "translation_key": "d071e698-bbe6-48aa-a3bc-b79f3f819330",
      "locale": 1,
      "latest_revision": 30,
      "live": true,
      "has_unpublished_changes": false,
      "first_published_at": "2024-06-22T21:21:58.653Z",
      "last_published_at": "2024-06-23T23:02:51.785Z",
      "live_revision": 30,
      "go_live_at": null,
      "expire_at": null,
      "expired": false,
      "locked": false,
      "locked_at": null,
      "locked_by": null,
      "title": "Gallery",
      "draft_title": "Gallery",
      "slug": "gallery",
      "content_type": 35,
      "url_path": "/home/gallery/",
      "owner": 1,
      "seo_title": "",
      "show_in_menus": false,
      "search_description": "",
      "latest_revision_created_at": "2024-06-23T23:02:51.770Z",
      "alias_of": null,
      "body": "[{\"type\": \"image_block\", \"value\": {\"image\": 1, \"caption\": \"<a href=\\\"/iron-red-bottle/\\\"><h4 class=\\\"caption\\\">Iron Red Bottle</h4></a>\", \"attribution\": \"\"}, \"id\": \"815be7f5-b4fa-4742-a268-f98f264f17c4\"}, {\"type\": \"image_block\", \"value\": {\"image\": 4, \"caption\": \"<h4 class=\\\"caption\\\">Djini bottle - NFS<h4>\", \"attribution\": \"\"}, \"id\": \"f7706d89-4554-437e-8114-9298261af2c4\"}, {\"type\": \"image_block\", \"value\": {\"image\": 11, \"caption\": \"<a href=\\\"/iron-red-bottle/\\\"><h4 class=\\\"caption\\\">White Dr Seuss Bottle</h4></a>\", \"attribution\": \"\"}, \"id\": \"ffb383b1-44ef-4b1f-b72b-805e68b84bc4\"}, {\"type\": \"image_block\", \"value\": {\"image\": 9, \"caption\": \"<a href=\\\"/iron-oxide-jar/\\\"><h4 class=\\\"caption\\\">Iron Oxide and Celadon Incised Jar</h4></a>\", \"attribution\": \"\"}, \"id\": \"12a9c0e4-b469-4ac9-9989-545b17a3d615\"}, {\"type\": \"image_block\", \"value\": {\"image\": 6, \"caption\": \"<a href=\\\"/copper-red-bottle/\\\"><h4 class=\\\"caption\\\">Copper Red Bottle</h4></a>\", \"attribution\": \"\"}, \"id\": \"cd2d5c35-7fc1-45e2-9fcf-4bda6cff3bf0\"}, {\"type\": \"image_block\", \"value\": {\"image\": 5, \"caption\": \"<a href=\\\"/shino-hourglass-cup/\\\"><h4 class=\\\"caption\\\">Shino Hourglass Cup</h4></a>\", \"attribution\": \"\"}, \"id\": \"253407c6-28a0-4c86-8b48-a195ba4e7942\"}, {\"type\": \"image_block\", \"value\": {\"image\": 13, \"caption\": \"<a href=\\\"/shino-hourglass-cup/\\\"><h4 class=\\\"caption\\\">Shino gas can teapot</h4></a>\", \"attribution\": \"\"}, \"id\": \"2a120322-10ba-4778-b1f7-078e57477c1f\"}, {\"type\": \"image_block\", \"value\": {\"image\": 10, \"caption\": \"\", \"attribution\": \"<h4 class=\\\"caption\\\">Wood Fire Vase - NFS<h4>\"}, \"id\": \"167f584e-2250-4e38-afd6-16a7f16831fa\"}]",
      "subtitle": "Gallery Page",
      "wagtail_admin_comments": []
    },
    "approved_go_live_at": null
  }
},
{
  "model": "wagtailcore.revision",
  "pk": 32,
  "fields": {
    "content_type": [
      "home",
      "gallerypage"
    ],
    "base_content_type": [
      "wagtailcore",
      "page"
    ],
    "object_id": "5",
    "created_at": "2024-06-23T23:05:09.337Z",
    "user": [
      "esse"
    ],
    "object_str": "Gallery",
    "content": {
      "pk": 5,
      "path": "000100010002",
      "depth": 3,
      "numchild": 0,
      "translation_key": "d071e698-bbe6-48aa-a3bc-b79f3f819330",
      "locale": 1,
      "latest_revision": 31,
      "live": true,
      "has_unpublished_changes": false,
      "first_published_at": "2024-06-22T21:21:58.653Z",
      "last_published_at": "2024-06-23T23:04:22.800Z",
      "live_revision": 31,
      "go_live_at": null,
      "expire_at": null,
      "expired": false,
      "locked": false,
      "locked_at": null,
      "locked_by": null,
      "title": "Gallery",
      "draft_title": "Gallery",
      "slug": "gallery",
      "content_type": 35,
      "url_path": "/home/gallery/",
      "owner": 1,
      "seo_title": "",
      "show_in_menus": false,
      "search_description": "",
      "latest_revision_created_at": "2024-06-23T23:04:22.783Z",
      "alias_of": null,
      "body": "[{\"type\": \"image_block\", \"value\": {\"image\": 1, \"caption\": \"<a href=\\\"/iron-red-bottle/\\\"><h4 class=\\\"caption\\\">Iron Red Bottle</h4></a>\", \"attribution\": \"\"}, \"id\": \"815be7f5-b4fa-4742-a268-f98f264f17c4\"}, {\"type\": \"image_block\", \"value\": {\"image\": 4, \"caption\": \"<h4 class=\\\"caption\\\">Djini bottle - NFS<h4>\", \"attribution\": \"\"}, \"id\": \"f7706d89-4554-437e-8114-9298261af2c4\"}, {\"type\": \"image_block\", \"value\": {\"image\": 11, \"caption\": \"<a href=\\\"/iron-red-bottle/\\\"><h4 class=\\\"caption\\\">White Dr Seuss Bottle</h4></a>\", \"attribution\": \"\"}, \"id\": \"ffb383b1-44ef-4b1f-b72b-805e68b84bc4\"}, {\"type\": \"image_block\", \"value\": {\"image\": 9, \"caption\": \"<a href=\\\"/iron-oxide-jar/\\\"><h4 class=\\\"caption\\\">Iron Oxide and Celadon Incised Jar</h4></a>\", \"attribution\": \"\"}, \"id\": \"12a9c0e4-b469-4ac9-9989-545b17a3d615\"}, {\"type\": \"image_block\", \"value\": {\"image\": 6, \"caption\": \"<a href=\\\"/copper-red-bottle/\\\"><h4 class=\\\"caption\\\">Copper Red Bottle</h4></a>\", \"attribution\": \"\"}, \"id\": \"cd2d5c35-7fc1-45e2-9fcf-4bda6cff3bf0\"}, {\"type\": \"image_block\", \"value\": {\"image\": 5, \"caption\": \"<a href=\\\"/shino-hourglass-cup/\\\"><h4 class=\\\"caption\\\">Shino Hourglass Cup</h4></a>\", \"attribution\": \"\"}, \"id\": \"253407c6-28a0-4c86-8b48-a195ba4e7942\"}, {\"type\": \"image_block\", \"value\": {\"image\": 13, \"caption\": \"<a href=\\\"/shino-hourglass-cup/\\\"><h4 class=\\\"caption\\\">Shino gas can teapot</h4></a>\", \"attribution\": \"\"}, \"id\": \"2a120322-10ba-4778-b1f7-078e57477c1f\"}, {\"type\": \"image_block\", \"value\": {\"image\": 10, \"caption\": \"<h4 class=\\\"caption\\\">Wood Fire Vase - NFS<h4>\", \"attribution\": \"\"}, \"id\": \"167f584e-2250-4e38-afd6-16a7f16831fa\"}]",
      "subtitle": "Gallery Page",
      "wagtail_admin_comments": []
    },
    "approved_go_live_at": null
  }
},
{
  "model": "wagtailcore.revision",
  "pk": 33,
  "fields": {
    "content_type": [
      "home",
      "gallerypage"
    ],
    "base_content_type": [
      "wagtailcore",
      "page"
    ],
    "object_id": "5",
    "created_at": "2024-06-23T23:06:56.709Z",
    "user": [
      "esse"
    ],
    "object_str": "Gallery",
    "content": {
      "pk": 5,
      "path": "000100010002",
      "depth": 3,
      "numchild": 0,
      "translation_key": "d071e698-bbe6-48aa-a3bc-b79f3f819330",
      "locale": 1,
      "latest_revision": 32,
      "live": true,
      "has_unpublished_changes": false,
      "first_published_at": "2024-06-22T21:21:58.653Z",
      "last_published_at": "2024-06-23T23:05:09.353Z",
      "live_revision": 32,
      "go_live_at": null,
      "expire_at": null,
      "expired": false,
      "locked": false,
      "locked_at": null,
      "locked_by": null,
      "title": "Gallery",
      "draft_title": "Gallery",
      "slug": "gallery",
      "content_type": 35,
      "url_path": "/home/gallery/",
      "owner": 1,
      "seo_title": "",
      "show_in_menus": false,
      "search_description": "",
      "latest_revision_created_at": "2024-06-23T23:05:09.337Z",
      "alias_of": null,
      "body": "[{\"type\": \"image_block\", \"value\": {\"image\": 1, \"caption\": \"<a href=\\\"/iron-red-bottle/\\\"><h4 class=\\\"caption\\\">Iron Red Bottle</h4></a>\", \"attribution\": \"\"}, \"id\": \"815be7f5-b4fa-4742-a268-f98f264f17c4\"}, {\"type\": \"image_block\", \"value\": {\"image\": 4, \"caption\": \"<h4 class=\\\"caption\\\">Djini bottle - NFS<h4>\", \"attribution\": \"\"}, \"id\": \"f7706d89-4554-437e-8114-9298261af2c4\"}, {\"type\": \"image_block\", \"value\": {\"image\": 11, \"caption\": \"<a href=\\\"/iron-red-bottle/\\\"><h4 class=\\\"caption\\\">White Dr Seuss Bottle</h4></a>\", \"attribution\": \"\"}, \"id\": \"ffb383b1-44ef-4b1f-b72b-805e68b84bc4\"}, {\"type\": \"image_block\", \"value\": {\"image\": 9, \"caption\": \"<a href=\\\"/iron-oxide-jar/\\\"><h4 class=\\\"caption\\\">Iron Oxide and Celadon Incised Jar</h4></a>\", \"attribution\": \"\"}, \"id\": \"12a9c0e4-b469-4ac9-9989-545b17a3d615\"}, {\"type\": \"image_block\", \"value\": {\"image\": 6, \"caption\": \"<a href=\\\"/copper-red-bottle/\\\"><h4 class=\\\"caption\\\">Copper Red Bottle</h4></a>\", \"attribution\": \"\"}, \"id\": \"cd2d5c35-7fc1-45e2-9fcf-4bda6cff3bf0\"}, {\"type\": \"image_block\", \"value\": {\"image\": 5, \"caption\": \"<a href=\\\"/shino-hourglass-cup/\\\"><h4 class=\\\"caption\\\">Shino Hourglass Cup</h4></a>\", \"attribution\": \"\"}, \"id\": \"253407c6-28a0-4c86-8b48-a195ba4e7942\"}, {\"type\": \"image_block\", \"value\": {\"image\": 13, \"caption\": \"<a href=\\\"/shino-hourglass-cup/\\\"><h4 class=\\\"caption\\\">Shino gas can teapot</h4></a>\", \"attribution\": \"\"}, \"id\": \"2a120322-10ba-4778-b1f7-078e57477c1f\"}, {\"type\": \"image_block\", \"value\": {\"image\": 10, \"caption\": \"<h4 class=\\\"caption\\\">Wood Fire Vase - NFS<h4>\", \"attribution\": \"\"}, \"id\": \"167f584e-2250-4e38-afd6-16a7f16831fa\"}, {\"type\": \"image_block\", \"value\": {\"image\": 14, \"caption\": \"<h4 class=\\\"caption\\\">Raku Jar - Sold<h4>\", \"attribution\": \"\"}, \"id\": \"27f8be06-c297-4831-8a23-ee0fe5d40b0a\"}]",
      "subtitle": "Gallery Page",
      "wagtail_admin_comments": []
    },
    "approved_go_live_at": null
  }
},
{
  "model": "wagtailcore.revision",
  "pk": 34,
  "fields": {
    "content_type": [
      "home",
      "product"
    ],
    "base_content_type": [
      "wagtailcore",
      "page"
    ],
    "object_id": "9",
    "created_at": "2024-06-23T23:09:56.907Z",
    "user": [
      "esse"
    ],
    "object_str": "Iron Red Cup",
    "content": {
      "pk": 9,
      "path": "000100010006",
      "depth": 3,
      "numchild": 0,
      "translation_key": "46f28a61-c02f-4779-a5e0-92fcd7fe24c8",
      "locale": 1,
      "latest_revision": null,
      "live": true,
      "has_unpublished_changes": false,
      "first_published_at": null,
      "last_published_at": null,
      "live_revision": null,
      "go_live_at": null,
      "expire_at": null,
      "expired": false,
      "locked": false,
      "locked_at": null,
      "locked_by": null,
      "title": "Iron Red Cup",
      "draft_title": "Iron Red Cup",
      "slug": "iron-red-cup",
      "content_type": 29,
      "url_path": "/home/iron-red-cup/",
      "owner": 1,
      "seo_title": "",
      "show_in_menus": false,
      "search_description": "",
      "latest_revision_created_at": null,
      "alias_of": null,
      "sku": "5643",
      "short_description": "Barefoot iron red cup",
      "price": "50.00",
      "image": 7,
      "wagtail_admin_comments": [],
      "custom_fields": [],
      "carousel_images": [],
      "categories": [
        3
      ]
    },
    "approved_go_live_at": null
  }
},
{
  "model": "wagtailcore.revision",
  "pk": 35,
  "fields": {
    "content_type": [
      "home",
      "gallerypage"
    ],
    "base_content_type": [
      "wagtailcore",
      "page"
    ],
    "object_id": "5",
    "created_at": "2024-06-23T23:10:46.797Z",
    "user": [
      "esse"
    ],
    "object_str": "Gallery",
    "content": {
      "pk": 5,
      "path": "000100010002",
      "depth": 3,
      "numchild": 0,
      "translation_key": "d071e698-bbe6-48aa-a3bc-b79f3f819330",
      "locale": 1,
      "latest_revision": 33,
      "live": true,
      "has_unpublished_changes": false,
      "first_published_at": "2024-06-22T21:21:58.653Z",
      "last_published_at": "2024-06-23T23:06:56.723Z",
      "live_revision": 33,
      "go_live_at": null,
      "expire_at": null,
      "expired": false,
      "locked": false,
      "locked_at": null,
      "locked_by": null,
      "title": "Gallery",
      "draft_title": "Gallery",
      "slug": "gallery",
      "content_type": 35,
      "url_path": "/home/gallery/",
      "owner": 1,
      "seo_title": "",
      "show_in_menus": false,
      "search_description": "",
      "latest_revision_created_at": "2024-06-23T23:06:56.709Z",
      "alias_of": null,
      "body": "[{\"type\": \"image_block\", \"value\": {\"image\": 1, \"caption\": \"<a href=\\\"/iron-red-bottle/\\\"><h4 class=\\\"caption\\\">Iron Red Bottle</h4></a>\", \"attribution\": \"\"}, \"id\": \"815be7f5-b4fa-4742-a268-f98f264f17c4\"}, {\"type\": \"image_block\", \"value\": {\"image\": 4, \"caption\": \"<h4 class=\\\"caption\\\">Djini bottle - NFS<h4>\", \"attribution\": \"\"}, \"id\": \"f7706d89-4554-437e-8114-9298261af2c4\"}, {\"type\": \"image_block\", \"value\": {\"image\": 11, \"caption\": \"<a href=\\\"/iron-red-bottle/\\\"><h4 class=\\\"caption\\\">White Dr Seuss Bottle</h4></a>\", \"attribution\": \"\"}, \"id\": \"ffb383b1-44ef-4b1f-b72b-805e68b84bc4\"}, {\"type\": \"image_block\", \"value\": {\"image\": 9, \"caption\": \"<a href=\\\"/iron-oxide-jar/\\\"><h4 class=\\\"caption\\\">Iron Oxide and Celadon Incised Jar</h4></a>\", \"attribution\": \"\"}, \"id\": \"12a9c0e4-b469-4ac9-9989-545b17a3d615\"}, {\"type\": \"image_block\", \"value\": {\"image\": 6, \"caption\": \"<a href=\\\"/copper-red-bottle/\\\"><h4 class=\\\"caption\\\">Copper Red Bottle</h4></a>\", \"attribution\": \"\"}, \"id\": \"cd2d5c35-7fc1-45e2-9fcf-4bda6cff3bf0\"}, {\"type\": \"image_block\", \"value\": {\"image\": 5, \"caption\": \"<a href=\\\"/shino-hourglass-cup/\\\"><h4 class=\\\"caption\\\">Shino Hourglass Cup</h4></a>\", \"attribution\": \"\"}, \"id\": \"253407c6-28a0-4c86-8b48-a195ba4e7942\"}, {\"type\": \"image_block\", \"value\": {\"image\": 13, \"caption\": \"<a href=\\\"/shino-hourglass-cup/\\\"><h4 class=\\\"caption\\\">Shino gas can teapot</h4></a>\", \"attribution\": \"\"}, \"id\": \"2a120322-10ba-4778-b1f7-078e57477c1f\"}, {\"type\": \"image_block\", \"value\": {\"image\": 10, \"caption\": \"<h4 class=\\\"caption\\\">Wood Fire Vase - NFS<h4>\", \"attribution\": \"\"}, \"id\": \"167f584e-2250-4e38-afd6-16a7f16831fa\"}, {\"type\": \"image_block\", \"value\": {\"image\": 14, \"caption\": \"<h4 class=\\\"caption\\\">Raku Jar - Sold<h4>\", \"attribution\": \"\"}, \"id\": \"27f8be06-c297-4831-8a23-ee0fe5d40b0a\"}, {\"type\": \"image_block\", \"value\": {\"image\": 7, \"caption\": \"<a href=\\\"/iron-red-cup/\\\"><h4 class=\\\"caption\\\">Iron Red Cup</h4></a>\", \"attribution\": \"\"}, \"id\": \"def64ada-838c-43e9-88c0-5dc802b06334\"}]",
      "subtitle": "Gallery Page",
      "wagtail_admin_comments": []
    },
    "approved_go_live_at": null
  }
},

{
  "model": "wagtailcore.page",
  "pk": 4,
  "fields": {
    "path": "000100010001",
    "depth": 3,
    "numchild": 0,
    "translation_key": "fa9e5651-9948-4106-9ec1-9b9aadf50d3f",
    "locale": 1,
    "latest_revision": 1,
    "live": true,
    "has_unpublished_changes": false,
    "first_published_at": "2024-06-22T21:20:40.683Z",
    "last_published_at": "2024-06-22T21:20:40.683Z",
    "live_revision": 1,
    "go_live_at": null,
    "expire_at": null,
    "expired": false,
    "locked": false,
    "locked_at": null,
    "locked_by": null,
    "title": "Iron Red Bottle",
    "draft_title": "Iron Red Bottle",
    "slug": "iron-red-bottle",
    "content_type": [
      "home",
      "product"
    ],
    "url_path": "/home/iron-red-bottle/",
    "owner": [
      "esse"
    ],
    "seo_title": "",
    "show_in_menus": false,
    "search_description": "",
    "latest_revision_created_at": "2024-06-22T21:20:40.667Z",
    "alias_of": null
  }
},
{
  "model": "wagtailcore.page",
  "pk": 5,
  "fields": {
    "path": "000100010002",
    "depth": 3,
    "numchild": 0,
    "translation_key": "d071e698-bbe6-48aa-a3bc-b79f3f819330",
    "locale": 1,
    "latest_revision": 35,
    "live": true,
    "has_unpublished_changes": false,
    "first_published_at": "2024-06-22T21:21:58.653Z",
    "last_published_at": "2024-06-23T23:10:46.813Z",
    "live_revision": 35,
    "go_live_at": null,
    "expire_at": null,
    "expired": false,
    "locked": false,
    "locked_at": null,
    "locked_by": null,
    "title": "Gallery",
    "draft_title": "Gallery",
    "slug": "gallery",
    "content_type": [
      "home",
      "gallerypage"
    ],
    "url_path": "/home/gallery/",
    "owner": [
      "esse"
    ],
    "seo_title": "",
    "show_in_menus": false,
    "search_description": "",
    "latest_revision_created_at": "2024-06-23T23:10:46.797Z",
    "alias_of": null
  }
},
{
  "model": "wagtailcore.page",
  "pk": 6,
  "fields": {
    "path": "000100010003",
    "depth": 3,
    "numchild": 0,
    "translation_key": "e63e2e67-efa7-4f98-9c3c-6c3ea81455c4",
    "locale": 1,
    "latest_revision": 17,
    "live": true,
    "has_unpublished_changes": false,
    "first_published_at": "2024-06-23T20:52:35.307Z",
    "last_published_at": "2024-06-23T20:52:35.307Z",
    "live_revision": 17,
    "go_live_at": null,
    "expire_at": null,
    "expired": false,
    "locked": false,
    "locked_at": null,
    "locked_by": null,
    "title": "Iron Oxide Jar",
    "draft_title": "Iron Oxide Jar",
    "slug": "iron-oxide-jar",
    "content_type": [
      "home",
      "product"
    ],
    "url_path": "/home/iron-oxide-jar/",
    "owner": [
      "esse"
    ],
    "seo_title": "",
    "show_in_menus": false,
    "search_description": "",
    "latest_revision_created_at": "2024-06-23T20:52:35.296Z",
    "alias_of": null
  }
},
{
  "model": "wagtailcore.page",
  "pk": 7,
  "fields": {
    "path": "000100010004",
    "depth": 3,
    "numchild": 0,
    "translation_key": "c0de4e3d-30bb-4868-bd4b-6cf88fcce5db",
    "locale": 1,
    "latest_revision": 22,
    "live": true,
    "has_unpublished_changes": false,
    "first_published_at": "2024-06-23T20:54:59.738Z",
    "last_published_at": "2024-06-23T20:54:59.738Z",
    "live_revision": 22,
    "go_live_at": null,
    "expire_at": null,
    "expired": false,
    "locked": false,
    "locked_at": null,
    "locked_by": null,
    "title": "Copper Red Bottle",
    "draft_title": "Copper Red Bottle",
    "slug": "copper-red-bottle",
    "content_type": [
      "home",
      "product"
    ],
    "url_path": "/home/copper-red-bottle/",
    "owner": [
      "esse"
    ],
    "seo_title": "",
    "show_in_menus": false,
    "search_description": "",
    "latest_revision_created_at": "2024-06-23T20:54:59.723Z",
    "alias_of": null
  }
},
{
  "model": "wagtailcore.page",
  "pk": 8,
  "fields": {
    "path": "000100010005",
    "depth": 3,
    "numchild": 0,
    "translation_key": "cdddd0a9-ad7f-4524-b987-c7d523b39801",
    "locale": 1,
    "latest_revision": 23,
    "live": true,
    "has_unpublished_changes": false,
    "first_published_at": "2024-06-23T22:10:34.203Z",
    "last_published_at": "2024-06-23T22:10:34.203Z",
    "live_revision": 23,
    "go_live_at": null,
    "expire_at": null,
    "expired": false,
    "locked": false,
    "locked_at": null,
    "locked_by": null,
    "title": "Shino Hourglass Cup",
    "draft_title": "Shino Hourglass Cup",
    "slug": "shino-hourglass-cup",
    "content_type": [
      "home",
      "product"
    ],
    "url_path": "/home/shino-hourglass-cup/",
    "owner": [
      "esse"
    ],
    "seo_title": "",
    "show_in_menus": false,
    "search_description": "",
    "latest_revision_created_at": "2024-06-23T22:10:34.192Z",
    "alias_of": null
  }
},
{
  "model": "wagtailcore.page",
  "pk": 9,
  "fields": {
    "path": "000100010006",
    "depth": 3,
    "numchild": 0,
    "translation_key": "46f28a61-c02f-4779-a5e0-92fcd7fe24c8",
    "locale": 1,
    "latest_revision": 34,
    "live": true,
    "has_unpublished_changes": false,
    "first_published_at": "2024-06-23T23:09:56.924Z",
    "last_published_at": "2024-06-23T23:09:56.924Z",
    "live_revision": 34,
    "go_live_at": null,
    "expire_at": null,
    "expired": false,
    "locked": false,
    "locked_at": null,
    "locked_by": null,
    "title": "Iron Red Cup",
    "draft_title": "Iron Red Cup",
    "slug": "iron-red-cup",
    "content_type": [
      "home",
      "product"
    ],
    "url_path": "/home/iron-red-cup/",
    "owner": [
      "esse"
    ],
    "seo_title": "",
    "show_in_menus": false,
    "search_description": "",
    "latest_revision_created_at": "2024-06-23T23:09:56.907Z",
    "alias_of": null
  }
},
{
  "model": "wagtailcore.modellogentry",
  "pk": 1,
  "fields": {
    "content_type": [
      "home",
      "potterycategory"
    ],
    "label": "Vases",
    "action": "wagtail.create",
    "data": {},
    "timestamp": "2024-06-23T20:53:08.408Z",
    "uuid": "bdbb386b-8a42-455a-9729-9b4660599db5",
    "user": [
      "esse"
    ],
    "revision": 18,
    "content_changed": true,
    "deleted": false,
    "object_id": "1"
  }
},
{
  "model": "wagtailcore.modellogentry",
  "pk": 2,
  "fields": {
    "content_type": [
      "home",
      "potterycategory"
    ],
    "label": "Vases",
    "action": "wagtail.publish",
    "data": {},
    "timestamp": "2024-06-23T20:53:08.415Z",
    "uuid": "bdbb386b-8a42-455a-9729-9b4660599db5",
    "user": [
      "esse"
    ],
    "revision": 18,
    "content_changed": true,
    "deleted": false,
    "object_id": "1"
  }
},
{
  "model": "wagtailcore.modellogentry",
  "pk": 3,
  "fields": {
    "content_type": [
      "home",
      "potterycategory"
    ],
    "label": "Jars",
    "action": "wagtail.create",
    "data": {},
    "timestamp": "2024-06-23T20:53:22.745Z",
    "uuid": "767912af-bcfe-49a1-9af7-75fd38af45a7",
    "user": [
      "esse"
    ],
    "revision": 19,
    "content_changed": true,
    "deleted": false,
    "object_id": "2"
  }
},
{
  "model": "wagtailcore.modellogentry",
  "pk": 4,
  "fields": {
    "content_type": [
      "home",
      "potterycategory"
    ],
    "label": "Jars",
    "action": "wagtail.publish",
    "data": {},
    "timestamp": "2024-06-23T20:53:22.754Z",
    "uuid": "767912af-bcfe-49a1-9af7-75fd38af45a7",
    "user": [
      "esse"
    ],
    "revision": 19,
    "content_changed": true,
    "deleted": false,
    "object_id": "2"
  }
},
{
  "model": "wagtailcore.modellogentry",
  "pk": 5,
  "fields": {
    "content_type": [
      "home",
      "potterycategory"
    ],
    "label": "Cups",
    "action": "wagtail.create",
    "data": {},
    "timestamp": "2024-06-23T20:53:36.178Z",
    "uuid": "76611b95-1da7-40ad-8232-6cb28817ec4b",
    "user": [
      "esse"
    ],
    "revision": 20,
    "content_changed": true,
    "deleted": false,
    "object_id": "3"
  }
},
{
  "model": "wagtailcore.modellogentry",
  "pk": 6,
  "fields": {
    "content_type": [
      "home",
      "potterycategory"
    ],
    "label": "Cups",
    "action": "wagtail.publish",
    "data": {},
    "timestamp": "2024-06-23T20:53:36.189Z",
    "uuid": "76611b95-1da7-40ad-8232-6cb28817ec4b",
    "user": [
      "esse"
    ],
    "revision": 20,
    "content_changed": true,
    "deleted": false,
    "object_id": "3"
  }
},
{
  "model": "wagtailcore.modellogentry",
  "pk": 7,
  "fields": {
    "content_type": [
      "home",
      "potterycategory"
    ],
    "label": "Bowls",
    "action": "wagtail.create",
    "data": {},
    "timestamp": "2024-06-23T20:53:57.562Z",
    "uuid": "17e7445f-d496-411d-896a-42bccd4263d7",
    "user": [
      "esse"
    ],
    "revision": 21,
    "content_changed": true,
    "deleted": false,
    "object_id": "4"
  }
},
{
  "model": "wagtailcore.modellogentry",
  "pk": 8,
  "fields": {
    "content_type": [
      "home",
      "potterycategory"
    ],
    "label": "Bowls",
    "action": "wagtail.publish",
    "data": {},
    "timestamp": "2024-06-23T20:53:57.568Z",
    "uuid": "17e7445f-d496-411d-896a-42bccd4263d7",
    "user": [
      "esse"
    ],
    "revision": 21,
    "content_changed": true,
    "deleted": false,
    "object_id": "4"
  }
},
{
  "model": "wagtailcore.modellogentry",
  "pk": 9,
  "fields": {
    "content_type": [
      "wagtailimages",
      "image"
    ],
    "label": "IRC1",
    "action": "wagtail.delete",
    "data": {},
    "timestamp": "2024-06-23T23:08:51.221Z",
    "uuid": "62541e66-21a8-44a3-8b98-5b2c48754a9f",
    "user": [
      "esse"
    ],
    "revision": null,
    "content_changed": false,
    "deleted": false,
    "object_id": "15"
  }
},
{
  "model": "wagtailimages.image",
  "pk": 1,
  "fields": {
    "collection": 2,
    "title": "IRB1",
    "file": "original_images/IRB1_JMFXWwc.jpg",
    "width": 4516,
    "height": 3890,
    "created_at": "2024-06-22T21:20:36.678Z",
    "uploaded_by_user": [
      "esse"
    ],
    "focal_point_x": null,
    "focal_point_y": null,
    "focal_point_width": null,
    "focal_point_height": null,
    "file_size": 279870,
    "file_hash": "58a54d5be38b94a28a2f7da5fb87f21cb0300137"
  }
},
{
  "model": "wagtailimages.image",
  "pk": 2,
  "fields": {
    "collection": 1,
    "title": "Black_Bottle_1600x678",
    "file": "original_images/Black_Bottle_1600x678_AqQaTgY.jpeg",
    "width": 1600,
    "height": 678,
    "created_at": "2024-06-22T21:20:57.278Z",
    "uploaded_by_user": [
      "esse"
    ],
    "focal_point_x": null,
    "focal_point_y": null,
    "focal_point_width": null,
    "focal_point_height": null,
    "file_size": 590672,
    "file_hash": "7c6757f70b6fbdf7902c8cb6dd15f42041eacdc9"
  }
},
{
  "model": "wagtailimages.image",
  "pk": 3,
  "fields": {
    "collection": 1,
    "title": "Ash_wide_1600x678",
    "file": "original_images/Ash_wide_1600x678_heuqBcs.JPG",
    "width": 1600,
    "height": 678,
    "created_at": "2024-06-22T21:21:18.674Z",
    "uploaded_by_user": [
      "esse"
    ],
    "focal_point_x": null,
    "focal_point_y": null,
    "focal_point_width": null,
    "focal_point_height": null,
    "file_size": 580157,
    "file_hash": "d9f6acca4d6b30dbc5542c62afd654ed8c835051"
  }
},
{
  "model": "wagtailimages.image",
  "pk": 4,
  "fields": {
    "collection": 2,
    "title": "Bottle_rect",
    "file": "original_images/Bottle_rect.jpg",
    "width": 3738,
    "height": 3019,
    "created_at": "2024-06-22T21:23:12.076Z",
    "uploaded_by_user": [
      "esse"
    ],
    "focal_point_x": null,
    "focal_point_y": null,
    "focal_point_width": null,
    "focal_point_height": null,
    "file_size": 4370183,
    "file_hash": "4c648502dd95ab5022f163542206d168cdbe3b4d"
  }
},
{
  "model": "wagtailimages.image",
  "pk": 5,
  "fields": {
    "collection": 2,
    "title": "Shino_cup1",
    "file": "original_images/Shino_cup1_yenXh2h.jpg",
    "width": 2230,
    "height": 2713,
    "created_at": "2024-06-22T21:23:12.282Z",
    "uploaded_by_user": [
      "esse"
    ],
    "focal_point_x": null,
    "focal_point_y": null,
    "focal_point_width": null,
    "focal_point_height": null,
    "file_size": 341699,
    "file_hash": "aa5e950d5832d02b38fd3f812b8cc5e695d6078d"
  }
},
{
  "model": "wagtailimages.image",
  "pk": 6,
  "fields": {
    "collection": 2,
    "title": "CRB1",
    "file": "original_images/CRB1_doiSLg6.jpg",
    "width": 3024,
    "height": 4032,
    "created_at": "2024-06-22T21:23:12.677Z",
    "uploaded_by_user": [
      "esse"
    ],
    "focal_point_x": null,
    "focal_point_y": null,
    "focal_point_width": null,
    "focal_point_height": null,
    "file_size": 878217,
    "file_hash": "ee5a683ae43a6531fc1f13db9b03dfddbe51d760"
  }
},
{
  "model": "wagtailimages.image",
  "pk": 7,
  "fields": {
    "collection": 2,
    "title": "IRC1",
    "file": "original_images/IRC1_jAMEI5k.jpg",
    "width": 2390,
    "height": 2854,
    "created_at": "2024-06-22T21:23:12.978Z",
    "uploaded_by_user": [
      "esse"
    ],
    "focal_point_x": null,
    "focal_point_y": null,
    "focal_point_width": null,
    "focal_point_height": null,
    "file_size": 1017296,
    "file_hash": "a426cf8606b76b6714a5663803a3978b1efd679b"
  }
},
{
  "model": "wagtailimages.image",
  "pk": 8,
  "fields": {
    "collection": 2,
    "title": "Sculpture_Clay_Bottle",
    "file": "original_images/Sculpture_Clay_Bottle_K48ajb5.jpg",
    "width": 1290,
    "height": 1413,
    "created_at": "2024-06-22T21:23:13.065Z",
    "uploaded_by_user": [
      "esse"
    ],
    "focal_point_x": null,
    "focal_point_y": null,
    "focal_point_width": null,
    "focal_point_height": null,
    "file_size": 216335,
    "file_hash": "c836bd7c70bde065fcbae4e7b1ee67d194720879"
  }
},
{
  "model": "wagtailimages.image",
  "pk": 9,
  "fields": {
    "collection": 2,
    "title": "IOJ1",
    "file": "original_images/IOJ1_YhAXOFT.jpg",
    "width": 3501,
    "height": 3945,
    "created_at": "2024-06-22T21:23:14.067Z",
    "uploaded_by_user": [
      "esse"
    ],
    "focal_point_x": null,
    "focal_point_y": null,
    "focal_point_width": null,
    "focal_point_height": null,
    "file_size": 7216705,
    "file_hash": "9dab642c028d6e475846dda37944ea7bbe8c1dfe"
  }
},
{
  "model": "wagtailimages.image",
  "pk": 10,
  "fields": {
    "collection": 2,
    "title": "IMG_3511 _EvenCrop",
    "file": "original_images/IMG_3511__EvenCrop.JPG",
    "width": 2960,
    "height": 3808,
    "created_at": "2024-06-23T16:32:23.696Z",
    "uploaded_by_user": [
      "esse"
    ],
    "focal_point_x": null,
    "focal_point_y": null,
    "focal_point_width": null,
    "focal_point_height": null,
    "file_size": 1260328,
    "file_hash": "37aa8f6678f69fa9976d3be9b5f71daa56c610b5"
  }
},
{
  "model": "wagtailimages.image",
  "pk": 11,
  "fields": {
    "collection": 2,
    "title": "IMG_3313",
    "file": "original_images/IMG_3313_vKOUemD.JPG",
    "width": 4032,
    "height": 3024,
    "created_at": "2024-06-23T20:48:00.453Z",
    "uploaded_by_user": [
      "esse"
    ],
    "focal_point_x": null,
    "focal_point_y": null,
    "focal_point_width": null,
    "focal_point_height": null,
    "file_size": 1670751,
    "file_hash": "2bd38be65a82abffa2197c8695a161bf6ced567d"
  }
},
{
  "model": "wagtailimages.image",
  "pk": 12,
  "fields": {
    "collection": 1,
    "title": "il_1588xN.745612109_hyo9",
    "file": "original_images/il_1588xN.745612109_hyo9.webp",
    "width": 1588,
    "height": 1340,
    "created_at": "2024-06-23T20:53:54.625Z",
    "uploaded_by_user": [
      "esse"
    ],
    "focal_point_x": null,
    "focal_point_y": null,
    "focal_point_width": null,
    "focal_point_height": null,
    "file_size": 141446,
    "file_hash": "6fd984f2988f75d6e299d7df4952168b0509cbf6"
  }
},
{
  "model": "wagtailimages.image",
  "pk": 13,
  "fields": {
    "collection": 2,
    "title": "IMG_3399",
    "file": "original_images/IMG_3399_ZwTLnJG.JPG",
    "width": 3024,
    "height": 3024,
    "created_at": "2024-06-23T22:57:10.129Z",
    "uploaded_by_user": [
      "esse"
    ],
    "focal_point_x": null,
    "focal_point_y": null,
    "focal_point_width": null,
    "focal_point_height": null,
    "file_size": 1772763,
    "file_hash": "9dcc4c009eba6870cb04dfb3140934322c38c38d"
  }
},
{
  "model": "wagtailimages.image",
  "pk": 14,
  "fields": {
    "collection": 2,
    "title": "P1010047",
    "file": "original_images/P1010047.JPG",
    "width": 4608,
    "height": 3456,
    "created_at": "2024-06-23T23:06:27.154Z",
    "uploaded_by_user": [
      "esse"
    ],
    "focal_point_x": null,
    "focal_point_y": null,
    "focal_point_width": null,
    "focal_point_height": null,
    "file_size": 3212730,
    "file_hash": "e0bd4c16c358731e1f35127dc06efa754251d3b4"
  }
},
{
  "model": "wagtailusers.userprofile",
  "pk": 1,
  "fields": {
    "user": [
      "esse"
    ],
    "submitted_notifications": true,
    "approved_notifications": true,
    "rejected_notifications": true,
    "updated_comments_notifications": true,
    "preferred_language": "",
    "current_time_zone": "",
    "avatar": "",
    "dismissibles": {},
    "theme": "system",
    "density": "default"
  }
},
{
  "model": "home.snipcartsettings",
  "pk": 1,
  "fields": {
    "site": [
      "localhost",
      80
    ],
    "api_key": ""
  }
},
{
  "model": "home.gallerypage",
  "pk": 5,
  "fields": {
    "body": "[{\"type\": \"image_block\", \"value\": {\"image\": 1, \"caption\": \"<a href=\\\"/iron-red-bottle/\\\"><h4 class=\\\"caption\\\">Iron Red Bottle</h4></a>\", \"attribution\": \"\"}, \"id\": \"815be7f5-b4fa-4742-a268-f98f264f17c4\"}, {\"type\": \"image_block\", \"value\": {\"image\": 4, \"caption\": \"<h4 class=\\\"caption\\\">Djini bottle - NFS<h4>\", \"attribution\": \"\"}, \"id\": \"f7706d89-4554-437e-8114-9298261af2c4\"}, {\"type\": \"image_block\", \"value\": {\"image\": 11, \"caption\": \"<a href=\\\"/iron-red-bottle/\\\"><h4 class=\\\"caption\\\">White Dr Seuss Bottle</h4></a>\", \"attribution\": \"\"}, \"id\": \"ffb383b1-44ef-4b1f-b72b-805e68b84bc4\"}, {\"type\": \"image_block\", \"value\": {\"image\": 9, \"caption\": \"<a href=\\\"/iron-oxide-jar/\\\"><h4 class=\\\"caption\\\">Iron Oxide and Celadon Incised Jar</h4></a>\", \"attribution\": \"\"}, \"id\": \"12a9c0e4-b469-4ac9-9989-545b17a3d615\"}, {\"type\": \"image_block\", \"value\": {\"image\": 6, \"caption\": \"<a href=\\\"/copper-red-bottle/\\\"><h4 class=\\\"caption\\\">Copper Red Bottle</h4></a>\", \"attribution\": \"\"}, \"id\": \"cd2d5c35-7fc1-45e2-9fcf-4bda6cff3bf0\"}, {\"type\": \"image_block\", \"value\": {\"image\": 5, \"caption\": \"<a href=\\\"/shino-hourglass-cup/\\\"><h4 class=\\\"caption\\\">Shino Hourglass Cup</h4></a>\", \"attribution\": \"\"}, \"id\": \"253407c6-28a0-4c86-8b48-a195ba4e7942\"}, {\"type\": \"image_block\", \"value\": {\"image\": 13, \"caption\": \"<a href=\\\"/shino-hourglass-cup/\\\"><h4 class=\\\"caption\\\">Shino gas can teapot</h4></a>\", \"attribution\": \"\"}, \"id\": \"2a120322-10ba-4778-b1f7-078e57477c1f\"}, {\"type\": \"image_block\", \"value\": {\"image\": 10, \"caption\": \"<h4 class=\\\"caption\\\">Wood Fire Vase - NFS<h4>\", \"attribution\": \"\"}, \"id\": \"167f584e-2250-4e38-afd6-16a7f16831fa\"}, {\"type\": \"image_block\", \"value\": {\"image\": 14, \"caption\": \"<h4 class=\\\"caption\\\">Raku Jar - Sold<h4>\", \"attribution\": \"\"}, \"id\": \"27f8be06-c297-4831-8a23-ee0fe5d40b0a\"}, {\"type\": \"image_block\", \"value\": {\"image\": 7, \"caption\": \"<a href=\\\"/iron-red-cup/\\\"><h4 class=\\\"caption\\\">Iron Red Cup</h4></a>\", \"attribution\": \"\"}, \"id\": \"def64ada-838c-43e9-88c0-5dc802b06334\"}]",
    "subtitle": "Gallery Page"
  }
},
{
  "model": "home.product",
  "pk": 4,
  "fields": {
    "sku": "1234",
    "short_description": "",
    "price": "100.00",
    "image": 1,
    "categories": []
  }
},
{
  "model": "home.product",
  "pk": 6,
  "fields": {
    "sku": "9776",
    "short_description": "Iron oxide and celadon incised jar with lid.",
    "price": "100.00",
    "image": 9,
    "categories": []
  }
},
{
  "model": "home.product",
  "pk": 7,
  "fields": {
    "sku": "5643",
    "short_description": "",
    "price": "100.00",
    "image": 6,
    "categories": []
  }
},
{
  "model": "home.product",
  "pk": 8,
  "fields": {
    "sku": "5643",
    "short_description": "Shino-glazed hourglass cup",
    "price": "50.00",
    "image": 5,
    "categories": [
      3
    ]
  }
},
{
  "model": "home.product",
  "pk": 9,
  "fields": {
    "sku": "5643",
    "short_description": "Barefoot iron red cup",
    "price": "50.00",
    "image": 7,
    "categories": [
      3
    ]
  }
},
{
  "model": "home.homepage",
  "pk": 3,
  "fields": {}
}
]
